서비스아이디,서비스명,서비스URL,서비스요약,사이트,대표문의,소관부처명,소관조직명,기준년도,최종수정일
10,(북한이탈주민) 탈북청소년 교육지원,http://www.bokjiro.go.kr/welInfo/retrieveGvmtWelInfo.do?welInfSno=10,탈북청소년의 학교생활 적응 지원을 통해 대한민국의 건강한 구성원으로 자립할 수 있도록 지원합니다.,북한이탈주민지원재단 교육지원부 www.koreahana.or.kr 통일부 정착지원과 www.unikorea.go.kr,남북하나재단 콜센터 1577-6635,통일부,정착지원과,2021,2021-04-27
18,(특수교육대상자) 치료지원서비스,http://www.bokjiro.go.kr/welInfo/retrieveGvmtWelInfo.do?welInfSno=18,특수교육대상자의 효과적인 교육을 위해 다양한 서비스를 제공합니다.,교육부 http://www.moe.go.kr,교육부 민원콜센터 02-6222-6060,교육부,특수교육정책과,2021,2021-06-11
266,6.25자녀수당,http://www.bokjiro.go.kr/welInfo/retrieveGvmtWelInfo.do?welInfSno=266,6.25 전쟁 중 전사하거나 순직한 전몰군경 혹은 순직군경 자녀의 생활안정과 복지향상을 위하여 수당을 지원합니다.,국가보훈처 http://www.mpva.go.kr/,보훈상담센터 1577-0606,국가보훈처,보상정책과,2021,2021-05-25
19,WEE 클래스 상담지원,http://www.bokjiro.go.kr/welInfo/retrieveGvmtWelInfo.do?welInfSno=19,"초중고 학교부적응 학생 및 위기학생, 일반학생에 대한 학교생활 적응 조력 및 치유를 목적으로 합니다.",학생안전통합시스템 www.wee.go.kr,"학교안전통합시스템 043)5309-182, 184",교육부,학교생활문화과,2021,2021-05-11
357,가사·간병 방문 지원사업,http://www.bokjiro.go.kr/welInfo/retrieveGvmtWelInfo.do?welInfSno=357,일상생활이 어려운 저소득층 가정에 간병·가사 서비스를 지원하여 취약계층의 생활 안정 도모 및 사회적 일자리를 창출합니다.,사회서비스바우처 http://www.socialservice.or.kr 보건복지부 콜센터 http://www.129.go.kr,보건복지콜센터 129,보건복지부,사회서비스사업과,2021,2021-05-27
295,가정양육수당 지원,http://www.bokjiro.go.kr/welInfo/retrieveGvmtWelInfo.do?welInfSno=295,"가정에서 아이를 돌보는 가정 양육 시, 부모의 자녀 양육에 대한 부담을 경감하고 보육 서비스 선택권을 보장합니다.",보건복지부 http://www.mohw.go.kr 복지로 http://www.bokjiro.go.kr 보건복지부 콜센터 http://www.129.go.kr,보건복지상담센터 129,보건복지부,보육사업기획과,2021,2021-06-09
25,가정위탁아동 상해보험료 지원,http://www.bokjiro.go.kr/welInfo/retrieveGvmtWelInfo.do?welInfSno=25,"가정위탁보호아동의 예상치 못한 질병과 안전사고에 대비해, 상해보험 가입 시 상해보험료를 지원함으로써 위탁가정의 심리적, 경제적 부담을 완화하고 가정위탁사업의 활성화를 도모합니다.",가정위탁지원센터 http://www.fostercare.or.kr/,가정위탁지원센터 1577-1406,보건복지부,아동권리과,2020,2020-03-17
168,가정폭력·성폭력 피해자 무료법률지원,http://www.bokjiro.go.kr/welInfo/retrieveGvmtWelInfo.do?welInfSno=168,가정폭력과 성폭력 등으로 고통 받는 분들의 법률적 문제를 돕습니다.,대한법률구조공단 http://www.klac.or.kr/ 한국가정법률상담소 http://www.lawhome.or.kr/law1/index.asp 대한변협법률구조재단 http://www.legalaid.or.kr/index2.php (사)한국성폭력위기센터  www.rape119.or.kr,대한법률구조공단 콜센터 132,여성가족부,권익보호과,2021,2021-04-27
148,가정폭력상담소 운영지원,http://www.bokjiro.go.kr/welInfo/retrieveGvmtWelInfo.do?welInfSno=148,"가정폭력·스토킹·데이트폭력의 피해자를 상담하고 임시보호하며, 의료기관, 법률기관, 피해자 보호시설로 인도합니다.",,1366센터 1366,여성가족부,권익보호과,2021,2021-04-23
149,가정폭력피해자 치료회복 프로그램 및 의료비지원,http://www.bokjiro.go.kr/welInfo/retrieveGvmtWelInfo.do?welInfSno=149,가정폭력으로 상처받은 몸과 마음을 치료하고 회복하기 위한 프로그램과 의료비를 지원합니다.,여성긴급전화 www.women1366.kr,여성긴급전화 1366,여성가족부,권익보호과,2021,2021-04-27
61,가족역량강화지원 사업,http://www.bokjiro.go.kr/welInfo/retrieveGvmtWelInfo.do?welInfSno=61,"취약·긴급위기 가족이 가족 기능을 회복하고 정서적, 경제적 자립을 할 수 있도록 돕기 위한 서비스를 제공합니다.",지방건강가정지원센터 http://www.familynet.or.kr,건강가정지원센터 1577-9337,여성가족부,가족지원과,2021,2021-05-13
222,개발제한구역 거주민 생활비용보조사업,http://www.bokjiro.go.kr/welInfo/retrieveGvmtWelInfo.do?welInfSno=222,개발제한구역 지정으로 생활의 불편을 겪는 구역 내 저소득 주민에게 보전부담금을 재원으로 생활비용을 보조합니다.,국토교통부 http://www.molit.go.kr/happyhouse,국토교통부 1599-0001,국토교통부,녹색도시과,2021,2021-04-02
63,건강가정지원센터운영,http://www.bokjiro.go.kr/welInfo/retrieveGvmtWelInfo.do?welInfSno=63,지역주민의 특성을 고려한 맞춤형 가족지원서비스를 제공하여 가족의 안정성 강화 및 가족관계 증진을 돕습니다.,지방건강가정지원센터 http://www.familynet.or.kr,지방건강가정지원센터 1577-9337,여성가족부,가족정책과,2021,2021-06-10
124,결혼이민자 통번역 서비스,http://www.bokjiro.go.kr/welInfo/retrieveGvmtWelInfo.do?welInfSno=124,입국초기의 결혼이민자와 다문화가족이 생활 속에서 의사소통에 불편함이 없도록 통역과 번역 서비스를 지원하며 통·번역 인력채용 등으로 자립을 돕습니다.,다누리콜센터 http://www.liveinkorea.kr/,다누리 콜센터 1577-1366,여성가족부,다문화가족과,2021,2021-05-31
16491,경계선지능아동 자립지원,http://www.bokjiro.go.kr/welInfo/retrieveGvmtWelInfo.do?welInfSno=16491,"경계선지능아동에 특화된 자립지원서비스를 제공하여 자립능력을 향상하고,전문인력 양성을 통해 경계선지능아동에게 양질의 맞춤형 서비스 제공합니다.",보건복지부 콜센터 http://www.129.go.kr 아동권리보장원 자립지원부(경계선지능아동 자립지원 담당) www.ncrc.or.kr,보건복지부 콜센터 129,보건복지부,아동권리과,2020,2020-03-25
195,고교학비 지원,http://www.bokjiro.go.kr/welInfo/retrieveGvmtWelInfo.do?welInfSno=195,형편이 어려운 저소득층 가정의 자녀에게 교육의 기회를 보장하기 위해서 학비를 지원합니다.,교육비 원클릭 신청 시스템 상담센터 https://oneclick.moe.go.kr,교육비 원클릭신청시스템 상담센터 1544-9654,교육부,교육복지정책과,2021,2021-06-11
17164,고등학교 무상교육,http://www.bokjiro.go.kr/welInfo/retrieveGvmtWelInfo.do?welInfSno=17164,초·중·고 교육의 공공성 강화를 위해 학생·학부모의 교육비 부담을 덜어드립니다.,교육부 http://www.moe.go.kr 교육부 교육복지정책과 http://www.moe.go.kr,교육부 민원콜센터 02-6222-6060,교육부,교육복지정책과,2021,2021-06-11
114,고령층 정보화교육,http://www.bokjiro.go.kr/welInfo/retrieveGvmtWelInfo.do?welInfSno=114,정보 취약계층인 고령층의 IT 활용능력 향상을 통해 세대 간 정보격차 해소 및 사회경제적으로 자생력과 경쟁력을 갖출 수 있도록 정보화 교육을 지원합니다.,한국정보화진흥원 www.itstudy.or.kr,한국지능정보사회진흥원 053-230-1114,과학기술정보통신부,디지털포용정책팀,2021,2021-05-18
2,고엽제특별지원,http://www.bokjiro.go.kr/welInfo/retrieveGvmtWelInfo.do?welInfSno=2,생계가 곤란한 고엽제 후유증 환자 중 장애인 자녀가 있는 가정에특별지원을 하여 재활의욕을 고취하고 격려합니다.,보훈상담센터 www.mpva.go.kr,보훈상담센터 1577-0606,국가보훈처,보훈의료과,2021,2021-05-24
269,고엽제환자2세수당,http://www.bokjiro.go.kr/welInfo/retrieveGvmtWelInfo.do?welInfSno=269,고엽제후유증환자의 자녀가 안정된 생활을 할 수 있도록 장애 정도에 따른 수당을 지원합니다.,국가보훈처 http://www.mpva.go.kr/,보훈상담센터 1577-0606,국가보훈처,보상정책과,2021,2021-05-26
268,고엽제후유의증수당,http://www.bokjiro.go.kr/welInfo/retrieveGvmtWelInfo.do?welInfSno=268,고엽제로 인한 후유증으로 질병 또는 장애가 있는 경우 후유의증 수당을 지원합니다.,국가보훈처 http://www.mpva.go.kr/,보훈상담센터 1577-0606,국가보훈처,보상정책과,2021,2021-05-25
17150,고용보험 미적용자 출산급여 지원,http://www.bokjiro.go.kr/welInfo/retrieveGvmtWelInfo.do?welInfSno=17150,소득활동을 하고 있으나 고용보험의 '출산전후휴가급여'를 지원받지 못하는 출산여성에게 출산급여를 지원합니다.,고용센터 www.ei.go.kr,고용노동부 고객상담센터 1350,고용노동부,여성고용정책과,2021,2021-06-14
123,고용복지플러스센터,http://www.bokjiro.go.kr/welInfo/retrieveGvmtWelInfo.do?welInfSno=123,국민들이 한 곳만 방문하면 다양한 고용과 복지 서비스 등을 받을 수 있도록 고용센터를 중심으로 고용 및 복지 서비스 기관이 한 공간에서 서비스를 제공합니다.,고용복지플러스센터 www.workplus.go.kr,고용복지플러스센터 ,고용노동부,고용서비스정책과,2021,2021-06-08
13463,고위험 임산부 의료비 지원,http://www.bokjiro.go.kr/welInfo/retrieveGvmtWelInfo.do?welInfSno=13463,"고위험 임신의 치료와 관리에 필요한 진료비를 지원하여 경제적 부담을 줄이고, 건강한 출산을 보장합니다.",보건복지부 콜센터 http://www.129.go.kr,보건복지부 콜센터 129,보건복지부,출산정책과,2021,2021-04-09
246,고혈압·당뇨병 등록관리사업,http://www.bokjiro.go.kr/welInfo/retrieveGvmtWelInfo.do?welInfSno=246,"심뇌혈관 질환의 발생 및 재발을 감소시키고, 심뇌혈관질환으로 인한 사망 및 장애를 감소하고자 합니다.",G-Health http://www.g-health.kr/ 보건복지부 콜센터 http://www.129.go.kr,질병관리청 1339,질병관리청,만성질환예방과,2021,2021-06-08
219,공공(임대)주택신재생에너지지원(구 보금자리주택신재생보급),http://www.bokjiro.go.kr/welInfo/retrieveGvmtWelInfo.do?welInfSno=219,공공(임대)주택에 신재생 에너지 설비 설치를 지원하여 에너지 소외계층에 대한 에너지 복지를 실현합니다.,에너지관리공단 신재생에너지 통합콜센터 http://greenhome.kemco.or.kr 한국토지주택공사 주택기술처 http://www.lh.or.kr/,에너지관리공단 신재생 에너지 통합콜센터 1855-3020,산업통상자원부,재생에너지산업과,2021,2021-05-27
201,공공산림가꾸기,http://www.bokjiro.go.kr/welInfo/retrieveGvmtWelInfo.do?welInfSno=201,"청년 실업자나 장년층 퇴직자 등을 산림사업에 투입하여 일자리를 창출하고, 산물수집을 확대하여 산림자원의 활용을 높입니다.",일자리사업통합정보시스템(일모아) http://www.ilmoa.go.kr 산림청 http://www.forest.go.kr/,산림청 대표전화 1588-3249,산림청,산림자원과,2021,2021-02-25
147,공공주택 공급(공공분양 및 공공임대),http://www.bokjiro.go.kr/welInfo/retrieveGvmtWelInfo.do?welInfSno=147,저소득층의 주거안정과 무주택자에게 내 집 마련의 기회를 제공합니다.,한국토지주택공사 http://www.lh.or.kr/ SH공사 홈페이지 http://www.i-sh.co.kr 경기도시공사 www.gico.or.kr/,LH콜센터 1600-1004,국토교통부,공공주택총괄과,2020,2020-04-17
65,공동육아나눔터 운영,http://www.bokjiro.go.kr/welInfo/retrieveGvmtWelInfo.do?welInfSno=65,이웃 간의 자녀돌봄 품앗이를 구성하여 핵가족화로 인한 육아부담을 경감시키고 지역중심의 자녀양육환경을 조성합니다.,,공동육아나눔터 1577-9337,여성가족부,가족정책과,2020,2020-03-30
281,교육급여(맞춤형 급여),http://www.bokjiro.go.kr/welInfo/retrieveGvmtWelInfo.do?welInfSno=281,"수급자에게 적정한 교육기회를 제공하여 자립할 수 있는 능력을 배양하고,가난의 대물림을 차단합니다.",복지로 http://www.bokjiro.go.kr 보건복지부 http://www.mohw.go.kr,보건복지상담센터 129,교육부,교육복지정책과,2021,2021-06-09
20,교육복지 우선지원 사업,http://www.bokjiro.go.kr/welInfo/retrieveGvmtWelInfo.do?welInfSno=20,취약계층 학생이 밀집한 학교를 선정하여 집중 지원함으로써 교육·문화·복지 수준을 높이고 교육격차를 해소합니다.,교육부 교육복지정책과 http://www.moe.go.kr,교육부 교육복지정책과 044-203-6097,교육부,교육복지정책과,2021,2021-05-11
3,"교통시설 이용지원(버스,내항여객선,KTX등)",http://www.bokjiro.go.kr/welInfo/retrieveGvmtWelInfo.do?welInfSno=3,"국가를 위해 희생하고 공헌한 애국지사, 국가유공상이자 등의 예우 및 복지향상을 위해 민영버스 및 내항여객선, 열차 등 교통시설의 무임 또는 할인을 지원합니다.",보훈상담센터 www.mpva.go.kr,보훈상담센터 1577-0606,국가보훈처,복지정책과,2021,2021-05-13
264,국가보훈대상자 보훈장학금,http://www.bokjiro.go.kr/welInfo/retrieveGvmtWelInfo.do?welInfSno=264,"학비가 면제되지 않는 대학원 재학 국가유공자, 5·18민주유공자, 특수임무유공자 본인 등에게 장학금 지원을 통해 학습 의욕을 높이고, 생계안정에 기여합니다.",국가보훈처 http://www.mpva.go.kr/,보훈상담센터 1577-0606,국가보훈처,생활안정과,2021,2021-04-09
131,국가보훈대상자 지원(수업료면제),http://www.bokjiro.go.kr/welInfo/retrieveGvmtWelInfo.do?welInfSno=131,국가유공자와 그 유족 또는 가족이 교육기관에서 필요한 교육을 통해 건전한 사회인으로 자립할 수 있도록 교육비를 지원합니다.,국가보훈처 상담센터 www.mpva.go.kr,국가보훈처 상담센터 1577-0606,국가보훈처,생활안정과,2021,2021-04-19
132,국가보훈대상자 취업능력개발지원,http://www.bokjiro.go.kr/welInfo/retrieveGvmtWelInfo.do?welInfSno=132,보훈대상자의 취업 경쟁력을 높이기 위해 수강료와 장려금을 지원해 드립니다.,국가보훈처 상담센터 www.mpva.go.kr,국가보훈처 상담센터 1577-0606,국가보훈처,생활안정과,2021,2021-05-24
263,국가보훈대상자 학습보조비 지급,http://www.bokjiro.go.kr/welInfo/retrieveGvmtWelInfo.do?welInfSno=263,학용품을 구입하는 등의 교육에 필요한 부수적인 교육비를 지원합니다.,국가보훈처 http://www.mpva.go.kr/,보훈상담센터 1577-0606,국가보훈처,생활안정과,2021,2021-04-08
278,국가유공자 등 LPG차량 세금인상분 지원,http://www.bokjiro.go.kr/welInfo/retrieveGvmtWelInfo.do?welInfSno=278,"국가유공상이자 등이 보철용으로 사용하는 LPG차량에 대해,차량 유류비의 세금인상분을 지원합니다.",국가보훈처 http://www.mpva.go.kr/,보훈상담센터 1577-0606,국가보훈처,복지정책과,2021,2021-04-19
319,국가유공자 의료급여증 발급,http://www.bokjiro.go.kr/welInfo/retrieveGvmtWelInfo.do?welInfSno=319,저소득 국가유공자와 가족들의 의료비 부담 경감을 위해  국가유공자 의료급여증을 발급합니다.,국가보훈처 상담센터 www.mpva.go.kr,국가보훈처 상담센터 1577-0606,국가보훈처,보훈의료과,2021,2021-06-09
261,국가유공자 재가복지 지원,http://www.bokjiro.go.kr/welInfo/retrieveGvmtWelInfo.do?welInfSno=261,국가유공자 등 보훈대상자의 안락하고 영예로운 노후 생활을 보장하기 위해  재가복지 서비스를 지원합니다.,국가보훈처 http://www.mpva.go.kr/ 이동보훈복지서비스 http://www.mpva.go.kr/bovis/index.asp,보훈상담센터 1577-0606,국가보훈처,복지운영과,2021,2021-05-24
267,국가유공자등간호수당,http://www.bokjiro.go.kr/welInfo/retrieveGvmtWelInfo.do?welInfSno=267,국가유공자의 생활 안정과 복지 향상을 위하여 간호수당을 지원합니다.,국가보훈처 http://www.mpva.go.kr/,보훈상담센터 1577-0606,국가보훈처,보상정책과,2021,2021-05-16
133,국가유공자등대부지원,http://www.bokjiro.go.kr/welInfo/retrieveGvmtWelInfo.do?welInfSno=133,국가유공자의 생활 안정을 위해 금융기관에 대출업무를 위탁하여 대출을 받을 수 있도록 지원합니다.,국가보훈처 http://www.mpva.go.kr/ 국가보훈처 상담센터 www.mpva.go.kr,국가보훈처 상담센터 1577-0606,국가보훈처,생활안정과,2021,2021-04-27
273,국가유공자등생활조정수당,http://www.bokjiro.go.kr/welInfo/retrieveGvmtWelInfo.do?welInfSno=273,저소득 국가유공자와 그 유족의 생활안정 및 복지향상을 위해 생활조정수당을 지급합니다.,,보훈상담센터 1577-0606,국가보훈처,보상정책과,2021,2021-04-23
265,국가유공자등취업지원,http://www.bokjiro.go.kr/welInfo/retrieveGvmtWelInfo.do?welInfSno=265,국가유공자와 유가족이 능력과 적성에 맞는 일자리를 찾을 수 있도록 지원합니다.,국가보훈처 취업정보시스템 http://job.mpva.go.kr,보훈상담센터 1577-0606,국가보훈처,생활안정과,2020,2020-06-03
254,국가유공자보철구지급,http://www.bokjiro.go.kr/welInfo/retrieveGvmtWelInfo.do?welInfSno=254,국가유공 상이자에게 신체 기능 장애나 활동력이 상실된 부분을보충하거나 보완해 주는 보철구를 지급하여 생활의 편의를 돕습니다.,국가보훈처 http://www.mpva.go.kr/ 한국보훈복지의료공단 http://www.bohun.or.kr,보훈상담센터 1577-0606,국가보훈처,보훈의료과,2021,2021-05-13
198,"국가장학금(Ⅰ, Ⅱ유형)",http://www.bokjiro.go.kr/welInfo/retrieveGvmtWelInfo.do?welInfSno=198,고등교육(대학교)의 교육비 부담을 경감시키기 위해  등록금의 일부를 국가장학금으로 지원합니다.,한국장학재단 고객센터 www.kosaf.go.kr,한국장학재단 고객센터 1599-2000,교육부,대학재정장학과,2021,2021-04-06
191,국립특수학교 및 국립부설학교 특수학급 지원,http://www.bokjiro.go.kr/welInfo/retrieveGvmtWelInfo.do?welInfSno=191,"국립특수학교(급)의 특수교육보조원, 돌봄교실 운영 및 특수교육대상자의 방과후학교 경비를 지원하여 장애학생의 학습권을 보장합니다.",교육부 특수교육정책과 http://www.moe.go.kr,교육부 특수교육정책과 044-203-6568,교육부,특수교육정책과,2021,2021-06-11
26,국민연금 출산크레딧,http://www.bokjiro.go.kr/welInfo/retrieveGvmtWelInfo.do?welInfSno=26,출산 친화 환경 조성 및 연금수급기회 확대를 위해 둘째 이상 자녀를 출산한 국민연금 가입자에게 추가 혜택을 드립니다.,국민연금공단 http://www.nps.or.kr,국민연금 상담센터 1355,보건복지부,국민연금정책과,2021,2021-04-29
230,국민임대주택공급,http://www.bokjiro.go.kr/welInfo/retrieveGvmtWelInfo.do?welInfSno=230,소득 4분위 이하 저소득계층의 주거안정을 위하여 저렴한 가격으로임대주택을 공급합니다.,한국토지주택공사 http://www.lh.or.kr/ 공공주택 http://portal.newplus.go.kr,LH콜센터 1600-1004,국토교통부,공공주택총괄과,2020,2020-03-10
17515,국민취업지원제도,http://www.bokjiro.go.kr/welInfo/retrieveGvmtWelInfo.do?welInfSno=17515,"저소득 구직자, 청년, 경력단절여성 등 취업 취약계층을 대상으로 「취업지원서비스」와 「생계지원」을 함께 제공",고용노동부 고객상담센터 http://www.moel.go.kr/,고용노동부 고객상담센터 1350,고용노동부,국민취업지원기획팀,2021,2021-03-26
27,권역재활병원 공공재활프로그램 운영지원,http://www.bokjiro.go.kr/welInfo/retrieveGvmtWelInfo.do?welInfSno=27,권역재활병원의 공공재활프로그램을 제공하여장애발생 후 보다 빠르게 사회복귀를 할 수 있도록 지원합니다.,,보건복지부 장애인정책과 044-202-3289,보건복지부,장애인정책과,2021,2021-05-04
296,그 밖의 연장형 보육료 등 지원,http://www.bokjiro.go.kr/welInfo/retrieveGvmtWelInfo.do?welInfSno=296,어린이집을 이용하는 영유아에 대하여 보육료를 지원함으로써 부모의 자녀양육 부담을 덜고 원활한 경제활동을 돕습니다.,보건복지부 http://www.mohw.go.kr 아이사랑보육포털 http://www.childcare.go.kr 보건복지부 콜센터 http://www.129.go.kr,보건복지상담센터 129,보건복지부,보육기반과,2021,2021-06-21
253,근로·자녀장려금,http://www.bokjiro.go.kr/welInfo/retrieveGvmtWelInfo.do?welInfSno=253,소득이 적어 생활이 어려운 자영업자 또는 근로자 가구에 근로장려금과 자녀장려금을 지급하여 근로 의욕을 더하고 소득과 자녀양육비를 지원합니다.,국세청 근로장려세제 http://www.hometax.go.kr/,국세상담센터 126,기획재정부,소득세제과,2020,2020-04-17
196,급식비,http://www.bokjiro.go.kr/welInfo/retrieveGvmtWelInfo.do?welInfSno=196,저소득층자녀에게 급식비를 지원하여  학부모의 부담을 덜어주고 교육복지를 실현합니다.,복지로 http://www.bokjiro.go.kr,중앙상담센터 1544-9654,교육부,학생건강정책과,2021,2021-06-10
227,기존주택 전세임대주택 지원사업,http://www.bokjiro.go.kr/welInfo/retrieveGvmtWelInfo.do?welInfSno=227,도심 내 저소득층이 안정적으로 거주할 수 있도록 임대료가 저렴한 임대주택을 지원합니다.,한국토지주택공사 http://www.lh.or.kr/,LH 콜센터 1600-1004,국토교통부,공공주택지원과,2021,2021-06-08
226,기존주택등 매입임대주택 지원사업,http://www.bokjiro.go.kr/welInfo/retrieveGvmtWelInfo.do?welInfSno=226,저소득층 국민이 도심 내에 안정적으로 거주할 수 있도록 기존주택 등을 매입하여 저렴하게 공급합니다.,한국토지주택공사 http://www.lh.or.kr/,한국토지주택공사 1600-1004,국토교통부,공공주택지원과,2021,2021-05-26
350,기초연금,http://www.bokjiro.go.kr/welInfo/retrieveGvmtWelInfo.do?welInfSno=350,생활이 어려운 어르신에게 안정적인 소득기반을 제공하여 생활안정을 지원합니다.,보건복지부 콜센터 http://www.129.go.kr 국민연금공단 http://www.nps.or.kr,보건복지콜센터 129,보건복지부,기초연금과,2021,2021-06-08
240,기타재가급여(장기요양보험 복지용구),http://www.bokjiro.go.kr/welInfo/retrieveGvmtWelInfo.do?welInfSno=240,"수급자의 일상생활, 신체활동 지원에 필요한 용품을 지원하여보다 안락한 생활을 할 수 있도록 지원합니다.",보건복지부 콜센터 http://www.129.go.kr 국민건강보험공단 www.nhis.or.kr,보건복지상담센터 129,보건복지부,요양보험제도과,2021,2021-05-04
304,긴급복지 교육지원,http://www.bokjiro.go.kr/welInfo/retrieveGvmtWelInfo.do?welInfSno=304,생계곤란 등의 위기상황에 처하여 도움이 필요한 사람을 일시적으로 신속하게 지원하여 위기상황에서 벗어날 수 있도록 지원합니다.,보건복지부 콜센터 http://www.129.go.kr,보건복지상담센터 129,보건복지부,기초생활보장과,2021,2021-02-25
307,긴급복지 사회복지시설이용지원,http://www.bokjiro.go.kr/welInfo/retrieveGvmtWelInfo.do?welInfSno=307,위기 상황에 처한 자에게 사회복지시설 이용 서비스를 제공하여 위기 상황에서 벗어나건강하고 인간다운 생활을 영위할 수 있도록 합니다.,보건복지부 콜센터 http://www.129.go.kr,보건복지상담센터 129,보건복지부,기초생활보장과,2021,2021-06-10
303,긴급복지 생계지원,http://www.bokjiro.go.kr/welInfo/retrieveGvmtWelInfo.do?welInfSno=303,갑작스럽게 생계곤란 등 위기상황에 처하여 도움이 필요한 사람을 신속하게 지원하여 위기상황에서 벗어날 수 있도록 지원합니다.,보건복지부 콜센터 http://www.129.go.kr,보건복지상담센터 129,보건복지부,기초생활보장과,2021,2021-06-10
139,긴급복지 연료비 및 전기요금,http://www.bokjiro.go.kr/welInfo/retrieveGvmtWelInfo.do?welInfSno=139,생계곤란 등의 위기상황에 처하여 도움이 필요한 사람을 일시적으로 신속하게  지원하여 위기상황에서 벗어날 수 있도록 지원합니다.,보건복지부 콜센터 http://www.129.go.kr,보건복지상담센터 129,보건복지부,기초생활보장과,2021,2021-02-25
305,긴급복지 의료지원,http://www.bokjiro.go.kr/welInfo/retrieveGvmtWelInfo.do?welInfSno=305,수술이나 입원이 필요한 중한 질병 또는 부상으로 발생한 의료비를 감당하기 어려운 분에게 지원합니다.,보건복지부 콜센터 http://www.129.go.kr,보건복지상담센터 129,보건복지부,기초생활보장과,2021,2021-06-10
309,긴급복지 장제비지원,http://www.bokjiro.go.kr/welInfo/retrieveGvmtWelInfo.do?welInfSno=309,생계곤란 등의 위기상황에 처하여 도움이 필요한 사람을 일시적으로 신속하게 지원하여 위기상황에서 벗어날 수 있도록 지원합니다.,보건복지부 콜센터 http://www.129.go.kr,보건복지상담센터 129,보건복지부,기초생활보장과,2021,2021-06-10
306,긴급복지 주거지원,http://www.bokjiro.go.kr/welInfo/retrieveGvmtWelInfo.do?welInfSno=306,생계곤란 등의 위기상황에 처하여 도움이 필요한 경우 일시적으로 신속하게 지원함으로써 위기상황에서 벗어날 수 있도록 지원합니다.,보건복지부 콜센터 http://www.129.go.kr,보건복지상담센터 129,보건복지부,기초생활보장과,2021,2021-06-10
308,긴급복지 해산비지원,http://www.bokjiro.go.kr/welInfo/retrieveGvmtWelInfo.do?welInfSno=308,생계곤란 등의 위기상황에 처하여 도움이 필요한 사람을 일시적으로 신속하게 지원하여 위기상황에서 벗어날 수 있도록 지원합니다.,보건복지부 콜센터 http://www.129.go.kr,보건복지상담센터 129,보건복지부,기초생활보장과,2021,2021-06-10
326,난임부부 시술비 지원,http://www.bokjiro.go.kr/welInfo/retrieveGvmtWelInfo.do?welInfSno=326,"체외수정시술, 인공수정시술 등을 받는 난임부부에게 시술비 일부를 지원하여 경제적 부담을 경감시키고 자녀를 갖을 수 있도록 지원합니다.",보건복지부 콜센터 http://www.129.go.kr 보건복지부 http://www.mohw.go.kr,보건복지콜센터 129,보건복지부,출산정책과,2021,2021-05-13
16,납북피해자 지원,http://www.bokjiro.go.kr/welInfo/retrieveGvmtWelInfo.do?welInfSno=16,전후 납북자 가족 및 귀환 납북자에 대한 주거 지원을 통해 납북으로 인한 고통 경감 및 권익향상을 위해 지원합니다.,통일부 이산가족과 http://www.unikorea.go.kr 한국토지주택공사 http://www.lh.or.kr/,통일부 이산가족과 02-2100-5917,통일부,이산가족과,2021,2021-06-09
121,내일이룸학교 운영,http://www.bokjiro.go.kr/welInfo/retrieveGvmtWelInfo.do?welInfSno=121,가출 등의 이유로 학업이 중단되어 경제적·사회적·심리적으로 도움이 필요한 청소년에게 맞춤형 훈련을 실시하여 건전한 자립을 돕습니다.,,한국생산성본부 02-398-7632,여성가족부,학교밖청소년지원과,2021,2021-05-31
223,내집마련 디딤돌 대출,http://www.bokjiro.go.kr/welInfo/retrieveGvmtWelInfo.do?welInfSno=223,무주택 세대주가 주택구입 자금을 빌릴 수 있도록 지원하여 주거 안정을 돕습니다.,주택도시기금 nhuf.milit.go.kr,주택도시기금 1566-9009,국토교통부,주택기금과,2021,2021-05-15
28,노숙인 등 복지지원,http://www.bokjiro.go.kr/welInfo/retrieveGvmtWelInfo.do?welInfSno=28,"노숙인의 권익을 보호하고, 원활한 사회복귀와 자립할 수 있는 힘을 길러주기 위하여 재활과 요양에 필요한 서비스를 지원합니다.",보건복지부 콜센터 http://www.129.go.kr,보건복지부 콜센터 129,보건복지부,자립지원과,2020,2020-05-04
251,노숙자 등 알코올중독자 사례관리 사업,http://www.bokjiro.go.kr/welInfo/retrieveGvmtWelInfo.do?welInfSno=251,알코올 사용장애가 있는 노숙인과 음주와 관련한 범죄자의 치료와 재활을 돕습니다.,G-Health http://www.g-health.kr/ 보건복지부 콜센터 http://www.129.go.kr,보건복지상담센터 129,보건복지부,정신건강관리과,2021,2021-06-16
16497,노인 무릎인공관절 수술 지원 사업,http://www.bokjiro.go.kr/welInfo/retrieveGvmtWelInfo.do?welInfSno=16497,무릎관절수술 지원을 통해 노인 건강을 보장하고 의료비 부담을 경감합니다.,노인의료나눔재단 www.ok6959.or.kr,노인의료나눔재단 02-711-6599,보건복지부,치매정책과,2021,2021-04-27
325,노인 안검진 및 개안수술,http://www.bokjiro.go.kr/welInfo/retrieveGvmtWelInfo.do?welInfSno=325,저소득층 노인에게 안과 정밀검진과 개안수술을 지원하여 안질환의 조기발견 및 적기 치료를 통해 실명을 예방하고 시력을 유지합니다.,한국실명예방재단 http://www.kfpb.org 보건복지부 콜센터 http://www.129.go.kr,보건복지콜센터 129,보건복지부,치매정책과,2021,2021-04-09
17161,노인맞춤돌봄서비스,http://www.bokjiro.go.kr/welInfo/retrieveGvmtWelInfo.do?welInfSno=17161,"일상생활 영위가 어려운 취약노인에게 적절한 돌봄서비스를 제공하여 안정적인 노후생활 보장, 노인의 기능·건강 유지 및 악화 예방을 지원합니다.",보건복지부 http://www.mohw.go.kr,보건복지상담센터 129,보건복지부,노인정책과,2021,2021-06-09
29,노인보호전문기관,http://www.bokjiro.go.kr/welInfo/retrieveGvmtWelInfo.do?welInfSno=29,"신체적, 정신적, 경제적으로 학대 받고 있는 노인을 보호하기 위하여 일시보호, 법률지원, 전문상담 서비스를 제공합니다.",,노인보호전문기관 1577-1389,보건복지부,노인정책과,2021,2021-05-18
238,노인복지민간단체 지원,http://www.bokjiro.go.kr/welInfo/retrieveGvmtWelInfo.do?welInfSno=238,노인단체의 활동을 육성하여 노인의 사회참여와 권익의 향상을 돕습니다.,보건복지부 http://www.mohw.go.kr 보건복지부 콜센터 http://www.129.go.kr,보건복지콜센터 129,보건복지부,노인지원과,2018,2018-03-14
348,노인일자리 및 사회활동 지원사업,http://www.bokjiro.go.kr/welInfo/retrieveGvmtWelInfo.do?welInfSno=348,활기차고 건강한 노후생활을 영위할 수 있도록 다양한 일자리를 제공하고 사회활동을 지원하여 노인 복지 향상에 기여합니다.,한국노인인력개발원 http://www.kordi.or.kr 보건복지부 http://www.mohw.go.kr,한국노인인력개발원 1544-3388,보건복지부,노인지원과,2021,2021-04-09
110,노후공공임대주택시설개선(그린홈),http://www.bokjiro.go.kr/welInfo/retrieveGvmtWelInfo.do?welInfSno=110,오래된 공공임대주택에 거주하는 저소득층의 주거환경과 시설을 개선합니다.,,"LH 공사 본사 031-738-4082, 4087",국토교통부,공공주택지원과,2021,2021-05-18
30,노후긴급자금 대부사업,http://www.bokjiro.go.kr/welInfo/retrieveGvmtWelInfo.do?welInfSno=30,"만 60세 이상의 국민연금 연금수급자에게 전월세보증금, 의료비, 배우자 장제비 및 재해복구비 용도의 긴급한 생활안정자금을 저리로 지원합니다.",국민연금공단 http://www.nps.or.kr,국민연금 상담센터 1355,보건복지부,국민연금정책과,2021,2021-04-29
31,노후준비서비스,http://www.bokjiro.go.kr/welInfo/retrieveGvmtWelInfo.do?welInfSno=31,안정된 노후생활을 위하여 재무·건강·여가·대인관계 등 분야별 종합적 노후준비를 지원합니다.,국민연금공단 http://www.nps.or.kr 내연금사이트 csa.nps.or.kr,국민연금 상담센터 1355,보건복지부,국민연금정책과,2020,2020-02-10
17519,농식품바우처 시범사업,http://www.bokjiro.go.kr/welInfo/retrieveGvmtWelInfo.do?welInfSno=17519,"저소득 취약계층에 농산물 현물(채소, 과일, 우유, 계란) 지원하여 취약계층의 식품접근성을 강화하는 사업입니다.",농식품바우처 콜센터 www.at.or.kr/fooddream,농식품바우처콜센터 02-538-1957,농림축산식품부,식생활소비급식진흥과,2021,2021-05-12
204,농어가 목돈마련 저축장려금 지급,http://www.bokjiro.go.kr/welInfo/retrieveGvmtWelInfo.do?welInfSno=204,목돈마련저축에 가입한 농어민이 저축만기시 저축장려금을 지급하여 생활안정과 재산형성을 지원합니다.,농협 http://www.nonghyup.com 수협 http://www.suhyup.co.kr/,금융위원회 고객센터 02-2156-8000,금융위원회,은행과,2021,2021-04-23
210,농어촌 출신 대학생 학자금 융자,http://www.bokjiro.go.kr/welInfo/retrieveGvmtWelInfo.do?welInfSno=210,농어촌지역 대학생에게 학자금 대출을 지원함으로써 학부모의 교육비 경감을 돕습니다.,한국장학재단 상담센터 http://www.kosaf.go.kr/,한국장학재단 상담센터 1599-2290,농림축산식품부,농촌사회복지과,2020,2020-05-26
211,농업인 건강보험료 지원,http://www.bokjiro.go.kr/welInfo/retrieveGvmtWelInfo.do?welInfSno=211,의료 이용 접근성이 낮은 농어촌 거주 농업인에 대해 건강보험료 일부를 지원하여 생활안정과 복지증진을 도모합니다.,국민건강보험공단 http://www.nhis.or.kr/,국민건강보험공단 고객센터 1577-1000,농림축산식품부,농촌사회복지과,2021,2021-04-23
212,농업인 연금보험료 지원,http://www.bokjiro.go.kr/welInfo/retrieveGvmtWelInfo.do?welInfSno=212,"농산물 수입개방 확대로 인한 농업인의 경제적 부담을 경감하기 위해   연금 보험료 일부를 지원하여 안정적인 노후생활을 도모하고, 노후소득을 보장합니다.",국민연금공단 http://www.nps.or.kr,국민연금 상담센터 1355,농림축산식품부,농촌사회복지과,2021,2021-04-23
108,농업인안전보험,http://www.bokjiro.go.kr/welInfo/retrieveGvmtWelInfo.do?welInfSno=108,"농업인이 농작업 중 발생한 피해 보상을 위해 가입하는 정책보험 보험료의 일부를 지원하여, 경영안정을 도모하고 안정적인 재생산활동을 지원합니다.",NH농협생명 http://www.nhlife.co.kr,NH농협생명 1544-4000,농림축산식품부,재해보험정책과,2021,2021-06-18
328,다문화 보육료 지원,http://www.bokjiro.go.kr/welInfo/retrieveGvmtWelInfo.do?welInfSno=328,"어린이집을 이용하는 다문화 가정의 영유아 자녀에게 보육료를 지원하여 부모의 양육에 대한 부담을 덜고, 부모가 원활한 경제활동을 할 수 있도록 돕습니다.",보건복지부 http://www.mohw.go.kr 보건복지부 콜센터 http://www.129.go.kr,보건복지상담센터 129,보건복지부,보육사업기획과,2021,2021-06-09
21,다문화·탈북학생 멘토링,http://www.bokjiro.go.kr/welInfo/retrieveGvmtWelInfo.do?welInfSno=21,다문화 가정의 학생과 북한에서 남한으로 이주한 학생이 학교 생활에 잘 적응하여 기초학력이 향상되도록 대학생이 돕습니다.,한국장학재단 고객센터 www.kosaf.go.kr 교육부 교육기회보장과 http://www.moe.go.kr,한국장학재단 고객센터 1599-2000,교육부,교육기회보장과,2021,2021-05-31
12399,다문화가족 방문교육 서비스,http://www.bokjiro.go.kr/welInfo/retrieveGvmtWelInfo.do?welInfSno=12399,"집합교육 참여가 어려운 다문화 가정에 방문하여 한국어 교육, 부모 교육, 자녀생활 교육을 제공하고 다문화 가족의 정착과 자녀양육을 돕습니다.",다누리콜센터 http://www.liveinkorea.kr/ 한국건강가정진흥원 www.kihf.or.kr,다누리 콜센터 1577-1366,여성가족부,다문화가족과,2021,2021-01-19
125,다문화가족 자녀 언어발달지원서비스,http://www.bokjiro.go.kr/welInfo/retrieveGvmtWelInfo.do?welInfSno=125,"다문화가정의 자녀가 건강한 사회구성원, 글로벌 인재로 성장할 수 있도록 체계적인 언어발달을 돕습니다.",다누리콜센터 http://www.liveinkorea.kr/,다누리 콜센터 1577-1366,여성가족부,다문화가족과,2021,2021-02-01
169,다문화가족 지원사업,http://www.bokjiro.go.kr/welInfo/retrieveGvmtWelInfo.do?welInfSno=169,다문화가족과 결혼이민자가 사회에 잘 적응하여 안정적으로 생활할 수 있도록 돕습니다.,여성가족부 http://www.mogef.go.kr/index.jsp 다누리 포털 http://www.liveinkorea.kr/ 다누리콜센터 http://www.liveinkorea.kr/,다누리 콜센터 1577-1366,여성가족부,다문화가족과,2021,2021-06-11
16443,다함께 돌봄 사업,http://www.bokjiro.go.kr/welInfo/retrieveGvmtWelInfo.do?welInfSno=16443,돌봄이 필요한 만 6~12세 아동에게 맞춤형 돌봄 서비스를 제공하여  돌봄 사각지대를 해소하고 맞벌이 가구의 육아부담을 덜어줍니다.,보건복지부 콜센터 http://www.129.go.kr,보건복지콜센터 129,보건복지부,인구정책총괄과,2021,2021-04-19
194,대학생근로장학금지원,http://www.bokjiro.go.kr/welInfo/retrieveGvmtWelInfo.do?welInfSno=194,"경제적 사정에 관계없이 누구나 균등한 고등교육의 기회를 가질 수 있는 여건을 조성하고, 직업체험의 기회를 제공하여 사회 적응력과 취업 능력을 키웁니다.",한국장학재단 상담센터 http://www.kosaf.go.kr/,한국장학재단 고객센터 1599-2000,교육부,대학재정장학과,2021,2021-03-31
6,도서민 여객선 운임지원,http://www.bokjiro.go.kr/welInfo/retrieveGvmtWelInfo.do?welInfSno=6,교통 여건이 열악한 도서 지역 주민의 교통비 부담을 덜어 주고자내항 여객선 운임을 지원하여 여건 개선을 도모합니다.,,해양수산부콜센터 110,해양수산부,연안해운과,2021,2021-06-17
33,독거노인 사회관계 활성화 지원,http://www.bokjiro.go.kr/welInfo/retrieveGvmtWelInfo.do?welInfSno=33,외로움에 의한 고독사나 자살을 예방하기 위하여 은둔형 독거노인에게 친구관계를 만들어 줍니다.,,독거노인종합지원센터 1661-2129,보건복지부,노인정책과,2019,2019-04-09
242,독거노인·중증장애인 응급안전안심서비스,http://www.bokjiro.go.kr/welInfo/retrieveGvmtWelInfo.do?welInfSno=242,"독거노인과 장애인의 가정에 화재 감지기, 활동량 감지기 등을 설치하여 응급상황 발생 시 독거노인 및 장애인 분들이 신속하게 대처하고 소방서에 신고할 수 있는 체계를 구축합니다.",보건복지부 콜센터 http://www.129.go.kr 사회보장정보원 노인사례관리부 http //ucare.mw.go.kr,보건복지상담센터 129,보건복지부,노인정책과,2021,2021-04-19
34,독거노인종합지원센터 운영,http://www.bokjiro.go.kr/welInfo/retrieveGvmtWelInfo.do?welInfSno=34,독거노인 보호를 위해 노인맞춤돌봄서비스 및 독거노인사랑잇기사업 등의 원활한 추진을 도와줍니다.,,독거노인종합지원센터 1661-2129,보건복지부,노인정책과,2021,2021-06-09
16478,독립유공자 (손)자녀 생활지원금,http://www.bokjiro.go.kr/welInfo/retrieveGvmtWelInfo.do?welInfSno=16478,독립유공자의 (손)자녀에게 생활지원금을 지원하여 독립유공자 후손으로서의 영예로운 생활을 보장합니다.,보훈상담센터 www.mpva.go.kr,국가보훈처 보훈상담센터 1577-0606,국가보훈처,보상정책과,2021,2021-04-23
1,독립유공자 제수비 지급,http://www.bokjiro.go.kr/welInfo/retrieveGvmtWelInfo.do?welInfSno=1,사망한 독립유공자 기일에 독립유공자의 수권유족에게 제수비를 지원합니다.,국가보훈처 상담센터 www.mpva.go.kr,보훈상담센터 1577-0606,국가보훈처,선양정책과,2021,2021-04-02
292,만0-5세 보육료지원사업,http://www.bokjiro.go.kr/welInfo/retrieveGvmtWelInfo.do?welInfSno=292,"어린이집을 이용하는 영유아의 보육료를 지원하여 양육의 부담을 덜고, 가정의 경제를 돕습니다.",복지로 http://www.bokjiro.go.kr 보건복지부 콜센터 http://www.129.go.kr 보건복지부 http://www.mohw.go.kr,보건복지상담센터 129,보건복지부,보육사업기획과,2021,2021-05-14
166,매체활용능력증진및역기능해소(청소년인터넷·스마트폰과의존치료비지원),http://www.bokjiro.go.kr/welInfo/retrieveGvmtWelInfo.do?welInfSno=166,인터넷과 스마트폰에 과의존하는 청소년의 중독 예방 및 상담·치료를 지원합니다.,"여성가족부 http://www.mogef.go.kr/ 청소년상담복지센터, 한국청소년상담복지개발원 한국청소년상담복지개발원(www.kyci.or.kr)",청소년전화 1388,여성가족부,청소년보호환경과,2021,2021-06-14
146,"모성보호육아지원(출산전후휴가(유산ㆍ사산휴가 포함) 급여, 육아휴직등 급여)",http://www.bokjiro.go.kr/welInfo/retrieveGvmtWelInfo.do?welInfSno=146,"출산전후 휴가급여와 육아휴직급여, 육아기 근로시간 단축급여 등을 제공하여 출산으로 인한 퇴직을 방지하고 사업주의 여성 고용기피 요인을 해소합니다.",고용노동부 고객상담센터 http://www.moel.go.kr/,고용노동부 고객상담센터 1350,고용노동부,여성고용정책과,2021,2021-06-18
270,무공영예수당,http://www.bokjiro.go.kr/welInfo/retrieveGvmtWelInfo.do?welInfSno=270,무공수훈자의 생활 안정과 복지 향상을 위해 수당을 지급합니다.,국가보훈처 http://www.mpva.go.kr/,보훈상담센터 1577-0606,국가보훈처,보상정책과,2021,2021-05-26
327,미숙아 및 선천성이상아 의료비 지원,http://www.bokjiro.go.kr/welInfo/retrieveGvmtWelInfo.do?welInfSno=327,보건소에 등록하여 관리하고 있는 미숙아 및 선천성 이상아 치료에  소요되는 의료비를 지원합니다.,보건복지부 콜센터 http://www.129.go.kr,보건복지콜센터 129,보건복지부,출산정책과,2021,2021-04-13
66,미혼모·부 초기지원(권역별미혼모부자거점기관 운영),http://www.bokjiro.go.kr/welInfo/retrieveGvmtWelInfo.do?welInfSno=66,"미혼모·부가 아기를 스스로 양육하고자 할 경우, 양육초기 위기에 대처할 수 있는 다양한 서비스를 제공하여 아동의 양육은 물론 미혼모·부가 자립할 수 있도록 지원합니다.",여성가족부 http://www.mogef.go.kr/index.jsp,한부모상담전화 1644-6621,여성가족부,가족지원과,2021,2021-06-07
16437,발달장애인 가족휴식지원사업,http://www.bokjiro.go.kr/welInfo/retrieveGvmtWelInfo.do?welInfSno=16437,발달장애인 가족의 양육부담을 경감하고 가족의 정서적 안정을 돕습니다.,보건복지부 콜센터 http://www.129.go.kr,보건복지상담센터 129,보건복지부,장애인서비스과,2021,2021-06-16
36,발달장애인 공공후견지원 사업,http://www.bokjiro.go.kr/welInfo/retrieveGvmtWelInfo.do?welInfSno=36,취약계층의 성인 발달장애인에 대한 공공후견심판절차 비용과후견인 활동비용을 지원합니다.,보건복지부 콜센터 http://www.129.go.kr,보건복지상담센터 129,보건복지부,장애인서비스과,2021,2021-06-16
35,발달장애인 부모상담 지원사업,http://www.bokjiro.go.kr/welInfo/retrieveGvmtWelInfo.do?welInfSno=35,"발달장애를 가진 자녀를 양육하고 부양하는 부모의 심리적 부담을 덜어 주고,가족 관계가 더 좋아질 수 있도록 전문 심리상담을 지원합니다",보건복지부 콜센터 http://www.129.go.kr,보건복지상담센터 129,보건복지부,장애인서비스과,2021,2021-06-16
16493,발달장애인 주간활동서비스,http://www.bokjiro.go.kr/welInfo/retrieveGvmtWelInfo.do?welInfSno=16493,발달장애인의 낮 시간 자신의 욕구를 반영한 지역사회 기반활동 참여함으로써 장애인의 자립생활 및 사회참여 증진을 위한 주간활동서비스를 지원합니다.,보건복지부 콜센터 http://www.129.go.kr 지역발달장애인지원센터 www.broso.or.kr,보건복지부 콜센터 129,보건복지부,장애인서비스과,2021,2021-06-14
358,발달재활서비스,http://www.bokjiro.go.kr/welInfo/retrieveGvmtWelInfo.do?welInfSno=358,"장애아동의 인지, 의사소통, 적응행동, 감각, 운동 등의 기능향상과 행동발달을 위한 재활서비스를 지원하고, 관련 정보를 제공합니다.",보건복지부 http://www.mohw.go.kr 사회서비스바우처 http://www.socialservice.or.kr 보건복지부 콜센터 http://www.129.go.kr,보건복지콜센터 129,보건복지부,장애인서비스과,2021,2021-04-08
294,방과후보육료 지원,http://www.bokjiro.go.kr/welInfo/retrieveGvmtWelInfo.do?welInfSno=294,어린이집을 이용하는 취학아동의 방과후 보육료를 지원하여 양육의 부담을 줄이고 원활한 경제활동을 돕습니다.,보건복지부 http://www.mohw.go.kr 보건복지부 콜센터 http://www.129.go.kr,보건복지콜센터 129,보건복지부,보육기반과,2020,2020-04-10
197,방과후학교 자유수강권,http://www.bokjiro.go.kr/welInfo/retrieveGvmtWelInfo.do?welInfSno=197,방과후학교 수업을 통해 저소득층 자녀의 지속적이며 실직적인 교육기회를 확대하고 공교육 활성화 및 저소득층의 교육격차 해소를 도모합니다.,교육비 원클릭 신청 시스템 상담센터 https://oneclick.moe.go.kr,교육비 원클릭 신청 시스템 상담센터 1544-9654,교육부,방과후돌봄정책과,2020,2020-03-20
12391,버팀목대출보증,http://www.bokjiro.go.kr/welInfo/retrieveGvmtWelInfo.do?welInfSno=12391,제도권 금융기관을 이용하기 어려운 금융소외계층의 주거안정을 위해 주택금융신용보증기금을 통해 보증을 지원합니다.,한국주택금융공사 http://www.hf.go.kr/,한국주택금융공사 대표전화 1688-8114,금융위원회,가계금융과,2021,2021-05-27
12396,버팀목전세자금대출,http://www.bokjiro.go.kr/welInfo/retrieveGvmtWelInfo.do?welInfSno=12396,무주택 서민의 주거안정을 위해 버팀목전세자금대출을 지원합니다.,주택도시기금 nhuf.milit.go.kr,주택도시기금 1566-9009,국토교통부,주택기금과,2021,2021-05-15
12400,범죄피해자에 대한 경제적 지원 사업,http://www.bokjiro.go.kr/welInfo/retrieveGvmtWelInfo.do?welInfSno=12400,경제적 지원을 통해 범죄피해자의 신체적·정신적 피해 회복과 재활을 돕습니다.,범죄피해자 지원콜 http://www.spo.go.kr,범죄피해자 지원콜 1577-2584,대검찰청,형사4과,2021,2021-05-21
271,보상금,http://www.bokjiro.go.kr/welInfo/retrieveGvmtWelInfo.do?welInfSno=271,국가유공자 및 보훈보상 대상자의 생활 안정과 복지 향상을 위하여 보상금을 지원합니다.,국가보훈처 http://www.mpva.go.kr/,보훈상담센터 1577-0606,국가보훈처,보상정책과,2021,2021-05-26
37,보육교직원 인건비 지원,http://www.bokjiro.go.kr/welInfo/retrieveGvmtWelInfo.do?welInfSno=37,"국공립이나 법인 등 취약보육을 담당하는 어린이집의 보육교직원에게 인건비를 지원하여 보다 안정적이고, 질 좋은 보육서비스를 제공합니다.",보건복지부 콜센터 http://www.129.go.kr,보건복지상담센터 129,보건복지부,보육사업기획과,2021,2021-06-09
177,보조공학기기 지원,http://www.bokjiro.go.kr/welInfo/retrieveGvmtWelInfo.do?welInfSno=177,장애인의 고용을 촉진하기 위하여 장애인이 직장에서 일하는 데 도움이 되는  다양한 보조공학기기를 지원합니다.,한국장애인고용공단 http://www.kead.or.kr,장애인고용공단 대표전화 1588-1519,고용노동부,장애인고용과,2021,2021-06-11
335,보험급여(건강보험 장애인보조기기),http://www.bokjiro.go.kr/welInfo/retrieveGvmtWelInfo.do?welInfSno=335,장애인의 의료비 부담을 줄이기 위해 보조기기에 대하여 건강보험급여를 적용합니다.,국민건강보험공단 http://www.nhis.or.kr/ 보건복지부 콜센터 http://www.129.go.kr,보건복지상담센터 129,보건복지부,보험급여과,2021,2021-06-10
16495,보호종료아동 자립수당 지급,http://www.bokjiro.go.kr/welInfo/retrieveGvmtWelInfo.do?welInfSno=16495,보호종료아동의 시설 퇴소 후 안정적 사회 정착 및 자립지원을 위해생계비 지원 목적의 자립수당 월 30만원 지급,보건복지부 콜센터 http://www.129.go.kr,보건복지부 콜센터 129,보건복지부,아동권리과,2021,2021-03-26
16492,보호종료아동 주거지원 통합서비스,http://www.bokjiro.go.kr/welInfo/retrieveGvmtWelInfo.do?welInfSno=16492,보호종료아동의 성공적인 자립실현을 위한 안정적 주거환경 조성 및 통합 사례관리를 통한 사회·경제·심리적 자립생활 기반 구축을 지원합니다.,보건복지부 콜센터 http://www.129.go.kr 아동권리보장원 자립지원부(주거지원 담당) www.ncrc.or.kr,보건복지부 콜센터 129,보건복지부,아동권리과,2021,2021-03-29
4,보훈병원 진료,http://www.bokjiro.go.kr/welInfo/retrieveGvmtWelInfo.do?welInfSno=4,국가보훈대상자가 건강한 생활을 유지할 수 있도록 보훈병원 진료비의 일부 또는 전액을 국가가 지원합니다.,보훈상담센터 www.mpva.go.kr,보훈상담센터 1577-0606,국가보훈처,보훈의료과,2021,2021-04-08
260,보훈요양원 이용지원,http://www.bokjiro.go.kr/welInfo/retrieveGvmtWelInfo.do?welInfSno=260,"장기요양이 필요한 국가유공자 등이 보훈요양원을 이용할 시,본인부담금의 일부를 지원함으로써 경제적인 부담을 덜고, 안락한 노후생활을 할 수 있도록 보장합니다.",수원보훈요양원 http://suwon.bohun.or.kr 대구보훈요양원 http://dgcare.bohun.or.kr 광주보훈요양원 http://gjcare.bohun.or.kr 김해보훈요양원 http://ghcare.bohun.or.kr 대전보훈요양원 http://djcare.bohun.or.kr 국가보훈처 상담센터 www.mpva.go.kr 남양주보훈요양원 http://nyjcare.bohun.or.kr 원주보훈요양원 http://wjcare.bohun.or.kr,보훈상담센터 1577-0606,국가보훈처,복지운영과,2021,2021-06-08
16489,복권기금 꿈사다리 장학사업,http://www.bokjiro.go.kr/welInfo/retrieveGvmtWelInfo.do?welInfSno=16489,"복권기금을 재원으로 저소득층 우수 중·고생을 발굴, 대학까지 지원하는국가 장학제도를 통해 교육의 희망사다리 기능을 강화합니다.",한국장학재단 상담센터 http://www.kosaf.go.kr/,한국장학재단 상담센터 1599-2290,교육부,교육복지정책과,2021,2021-06-17
8,북한이탈주민 교육비 지원,http://www.bokjiro.go.kr/welInfo/retrieveGvmtWelInfo.do?welInfSno=8,북한에서 남한으로 이주한 주민이 안정적인 정착기반을 마련하고 교육적 어려움을 해소할 수 있도록 교육비를 지원합니다.,통일부 정착지원과 www.unikorea.go.kr 남북하나재단 https://www.koreahana.or.kr 남북하나재단 https //www.koreahana.or.kr,남북하나재단 콜센터 1577-6635,통일부,정착지원과,2021,2021-04-16
9,북한이탈주민 사회보장 지원(수급권자 범위의 특례),http://www.bokjiro.go.kr/welInfo/retrieveGvmtWelInfo.do?welInfSno=9,북한에서 남한으로 이주한 주민의 안정적인 정착을 지원합니다.,통일부 정착지원과 www.unikorea.go.kr,통일부 정착지원과 02-2100-5786,통일부,정착지원과,2021,2021-05-21
11,북한이탈주민 상담 지원,http://www.bokjiro.go.kr/welInfo/retrieveGvmtWelInfo.do?welInfSno=11,"북한에서 남한으로 이주한 주민이 지역사회에 잘 정착할 수 있도록 주택, 취업, 교육, 의료 등을 체계적으로 상담합니다.",북한이탈주민지원재단 http://www.koreahana.or.kr,북한이탈주민지원재단 1577-6635,통일부,정착지원과,2021,2021-05-21
129,북한이탈주민 의료비 지원,http://www.bokjiro.go.kr/welInfo/retrieveGvmtWelInfo.do?welInfSno=129,북한이탈주민의 안정적 국내 정착을 지원하기 위해 본인 부담 의료비를 지원합니다.,통일부 정착지원과 www.unikorea.go.kr 북한이탈주민지원재단 www.nkrf.or.kr,남북하나재단 콜센터 1577-6635,통일부,정착지원과,2021,2021-04-27
12,북한이탈주민 자립자활 지원,http://www.bokjiro.go.kr/welInfo/retrieveGvmtWelInfo.do?welInfSno=12,"북한에서 남한으로 이주한 주민의 자립과 자활을 위해 취업과 창업을 돕고, 영농활동으로 정착할 수 있도록 지원합니다.",통일부 정착지원과 www.unikorea.go.kr 북한이탈주민지원재단 www.nkrf.or.kr,"북한이탈주민지원재단 02-3215-5837, 5831",통일부,정착지원과,2021,2021-05-21
13464,북한이탈주민 자산형성지원제도(미래행복통장),http://www.bokjiro.go.kr/welInfo/retrieveGvmtWelInfo.do?welInfSno=13464,북한이탈주민이 우리 사회에 안정적으로 정착할 수 있는 자산을 형성하도록 지원합니다.,통일부 정착지원과 www.unikorea.go.kr 남북 하나재단 https://www.koreahana.or.kr,남북하나재단 콜센터 1577-6635,통일부,정착지원과,2021,2021-05-13
13,북한이탈주민 정착금 지원,http://www.bokjiro.go.kr/welInfo/retrieveGvmtWelInfo.do?welInfSno=13,북한에서 이주한 주민의 경제적 자립과 자활의지를 높이기 위해 정착금과 주거지원금 등을 지원합니다.,,"북한이탈주민정착지원사무소(정착금, 장려금) 031-670-9328, 9350",통일부,교육기획과,2021,2021-05-10
14,북한이탈주민 주택알선 지원,http://www.bokjiro.go.kr/welInfo/retrieveGvmtWelInfo.do?welInfSno=14,북한에서 이주한 주민이 안정적으로 정착하고 자립할 수 있도록하나원의 교육을 수료한 후 주거 공간을 지원합니다.,,북한이탈주민정착지원사무소 031-670-9327,통일부,교육기획과,2021,2021-06-09
15,북한이탈주민 취업 지원,http://www.bokjiro.go.kr/welInfo/retrieveGvmtWelInfo.do?welInfSno=15,"북한이탈주민의 채용 확대와 장기 근속, 안정된 직업을 장려하기 위하여사업자와 북한이탈주민에게 취업장려금 등을 지원합니다.",통일부 정착지원과 www.unikorea.go.kr 통일부 북한이탈주민정착지원사무소 교육기획과 www.unikorea.go.kr,통일부 북한이탈주민정착지원사무소 교육기획과 031-670-9300,통일부,정착지원과,2021,2021-05-13
17521,비주택 주거급여수급자 주거상향지원,http://www.bokjiro.go.kr/welInfo/retrieveGvmtWelInfo.do?welInfSno=17521,쪽방·고시원 등 열악한 비주택거주자들이 공공임대주택으로 이주할 수 있도록 지자체에서 지역복지역량을 활용하여공공임대주택 이주수요를 발굴하고 이주과정을 지원하는 프로그램을 운영합니다.,국토교통부 http://www.molit.go.kr/happyhouse,국토교통부 1599-0001,국토교통부,주거복지정책과,2021,2021-05-25
272,사망일시금,http://www.bokjiro.go.kr/welInfo/retrieveGvmtWelInfo.do?welInfSno=272,독립유공자 혹은 그 유족이 사망한 경우 생활 안정과 복지 향상을 위하여 사망일시금을 지원합니다.,국가보훈처 http://www.mpva.go.kr/,보훈상담센터 1577-0606,국가보훈처,보상정책과,2021,2021-05-21
126,사할린한인지원,http://www.bokjiro.go.kr/welInfo/retrieveGvmtWelInfo.do?welInfSno=126,"영주 귀국한 모든 사할린 한인을 대상으로 생계비 및 생활을 지원하여 귀국 후,안정된 생활을 영위할 수 있도록 지원합니다.",보건복지부 http://www.mohw.go.kr 보건복지부 콜센터 http://www.129.go.kr,보건복지상담센터 129,보건복지부,노인정책과,2021,2021-05-16
218,사회복지시설신재생에너지보급,http://www.bokjiro.go.kr/welInfo/retrieveGvmtWelInfo.do?welInfSno=218,"신재생에너지보급사업으로 사회복지시설에 태양광, 태양열 등 신재생 설비를 설치하는 경우 사업비의 일부를 국고로 지원합니다.",신재생에너지센터 http://www.energy.or.kr 산업통상자원부 http://www.motie.go.kr 한국에너지공단 http://www.energy.or.kr,신재생에너지센터 052-920-0766,산업통상자원부,재생에너지산업과,2021,2021-05-27
38,사회복지종사자 상해보험 가입지원,http://www.bokjiro.go.kr/welInfo/retrieveGvmtWelInfo.do?welInfSno=38,사회복지종사자의 처우 개선과 양질의 복지서비스 기반을 조성하기 위해 사회복지종사자의 상해보험 가입을 지원합니다.,한국사회복지공제회 www.kwcu.or.kr,한국사회복지공제회 02-3775-8899,보건복지부,복지정책과,2020,2020-02-10
184,사회적기업 일자리 창출 사업,http://www.bokjiro.go.kr/welInfo/retrieveGvmtWelInfo.do?welInfSno=184,"사회적 기업에 인건비 등 재정지원을 하여 기업을 육성하고,  일자리 창출에 이바지 합니다.",사회적 기업 홈페이지 http://www.socialenterprise.or.kr/ 고용노동부 고객상담센터 http://www.moel.go.kr/,고용노동부 고객상담센터 1350,고용노동부,사회적기업과,2021,2021-05-11
202,산림보호지원단,http://www.bokjiro.go.kr/welInfo/retrieveGvmtWelInfo.do?welInfSno=202,산림보호를 위해 민간인 감시원을 고용해 불법으로 산림이 훼손되는 것을 예방하고 단속하며 동시에 산림보호 분야의 안정적인 일자리를 창출하여 사회서비스 확충에 기여합니다.,,산림청 대표전화 1588-3249,산림청,산림환경보호과,2020,2020-05-19
15281,산림복지서비스이용권,http://www.bokjiro.go.kr/welInfo/retrieveGvmtWelInfo.do?welInfSno=15281,경제적 또는사회적 여건으로 인해 산림복지 혜택을 받지 못하는 소외계층에게 산림복지서비스 체험 기회를 제공하여 삶의 질을 높일 수 있도록 돕습니다.,한국산림복지진흥원 산림복지서비스이용권지원시스템,한국산림복지진흥원 042-719-4163,산림청,산림복지정책과,2021,2021-03-31
203,산림서비스도우미,http://www.bokjiro.go.kr/welInfo/retrieveGvmtWelInfo.do?welInfSno=203,"숲길등산지도사 등 산림서비스 도우미를 고용하여 일자리를 창출하고, 국민에게 산림서비스를 제공합니다.",일자리사업통합정보시스템(일모아) http://www.ilmoa.go.kr 산림청 http://www.forest.go.kr/,산림청 대표전화 1588-3249,산림청,도시숲경관과,2020,2020-02-18
356,산모·신생아건강관리 지원사업,http://www.bokjiro.go.kr/welInfo/retrieveGvmtWelInfo.do?welInfSno=356,"전문교육을 받은 산모·신생아 건강관리사가 출산 가정을 방문해  산모의 건강회복을 돕고, 신생아를 보살펴 출산 가정의 경제적 부담을 덜어 줍니다.",사회서비스바우처 http://www.socialservice.or.kr 보건복지부 콜센터 http://www.129.go.kr,보건복지상담센터 129,보건복지부,사회서비스사업과,2021,2021-04-28
175,산재근로자 복지지원(장학금),http://www.bokjiro.go.kr/welInfo/retrieveGvmtWelInfo.do?welInfSno=175,"산재를 당한 근로자 본인과 배우자, 자녀의 생활안정을 위하여 본인과 자녀의 고등학교 학자금을 지원합니다.",근로복지공단 http://www.kcomwel.or.kr/ 근로복지넷 http://www.workdream.net 근로복지공단 고객지원센터 www.kcomwel.or.kr,근로복지공단 대표전화 1588-0075,고용노동부,산재보상정책과,2021,2021-06-07
93,산재근로자 사회심리재활 지원,http://www.bokjiro.go.kr/welInfo/retrieveGvmtWelInfo.do?welInfSno=93,산업 재해 및 장해를 입은 근로자가 심리적 충격을 해소하고  재활할 수 있도록 지원합니다.,근로복지공단 고객지원센터 www.kcomwel.or.kr,근로복지공단 대표번호 1588-0075,고용노동부,산재보상정책과,2021,2021-06-07
173,산재근로자 생활안정자금 융자,http://www.bokjiro.go.kr/welInfo/retrieveGvmtWelInfo.do?welInfSno=173,산업근로자에게 생활안정 자금을 지원하여 안정된 생활을 유지하도록 도와 드립니다.,근로복지공단 http://www.kcomwel.or.kr/ 근로복지넷 http://www.workdream.net 근로복지공단 고객지원센터 www.kcomwel.or.kr,근로복지공단 대표번호 1588-0075,고용노동부,산재보상정책과,2021,2021-06-07
97,산재근로자 직업훈련,http://www.bokjiro.go.kr/welInfo/retrieveGvmtWelInfo.do?welInfSno=97,산업재해로 치료를 받고 요양 종결 후에 원래의 직장에 복귀하지 못한 산업재해 장애인에게 직업훈련비용과 훈련수당을 지원하여 직업 복귀를 촉진합니다.,근로복지공단 http://www.kcomwel.or.kr/,근로복지공단 대표번호 1588-0075,고용노동부,산재보상정책과,2021,2021-06-07
98,산재근로자 직장복귀 지원,http://www.bokjiro.go.kr/welInfo/retrieveGvmtWelInfo.do?welInfSno=98,산업재해로 장해를 입은 근로자가 기존 직장으로 복귀할 수 있도록 지원합니다.,근로복지공단 고객지원센터 www.kcomwel.or.kr,근로복지공단 대표전화 1588-0075,고용노동부,산재보상정책과,2021,2021-06-07
185,산재근로자 창업점포 지원,http://www.bokjiro.go.kr/welInfo/retrieveGvmtWelInfo.do?welInfSno=185,실업 중인 산업재해 근로자의 자립을 위하여 창업점포를 임대할 수 있도록 지원합니다.* 2019년도부터 신규신청 중단(’18년도까지 기 지원자에 대해 최장6년 지원계속),근로복지공단 http://www.kcomwel.or.kr/ 근로복지넷 http://www.workdream.net 근로복지공단 고객지원센터 www.kcomwel.or.kr,근로복지공단 대표번호 1588-0075,고용노동부,산재보상정책과,2021,2021-06-07
94,산재근로자 케어센터 지원,http://www.bokjiro.go.kr/welInfo/retrieveGvmtWelInfo.do?welInfSno=94,중증의 산업재해 장해인에게 전문간병서비스를 제공합니다.,,경기케어센터 031-359-0515,고용노동부,산재보상정책과,2021,2021-06-08
99,산재근로자합병증 등 예방관리,http://www.bokjiro.go.kr/welInfo/retrieveGvmtWelInfo.do?welInfSno=99,산재요양 종결 후 발생하는 합병증과 재발을 예방하고 관리합니다.,근로복지공단 고객지원센터 www.kcomwel.or.kr,근로복지공단 대표번호 1588-0075,고용노동부,산재보상정책과,2021,2021-06-07
141,생계급여(맞춤형 급여),http://www.bokjiro.go.kr/welInfo/retrieveGvmtWelInfo.do?welInfSno=141,생활이 어려운 사람에게 최저 생활비를 보장하여 일상을 영위할 수 있도록 지원합니다.,보건복지부 콜센터 http://www.129.go.kr,보건복지상담센터 129,보건복지부,기초생활보장과,2021,2021-05-12
182,생활안정자금(융자),http://www.bokjiro.go.kr/welInfo/retrieveGvmtWelInfo.do?welInfSno=182,"저소득층 근로자와 임금체불 근로자가 보다 안정적인 생활을 영위할 수 있도록 의료비, 혼례비, 장례비, 부모요양비, 자녀학자금, 임금감소생계비, 소액생계비 등을 장기 저리로 융자 받을 수 있게 지원합니다.",근로복지넷 http://www.workdream.net 근로복지공단 고객지원센터 www.kcomwel.or.kr,근로복지공단 대표전화 1588-0075,고용노동부,퇴직연금복지과,2021,2021-06-14
17173,서민금융 활성화 지원(근로자 햇살론 보증사업),http://www.bokjiro.go.kr/welInfo/retrieveGvmtWelInfo.do?welInfSno=17173,제도권 금융기관을 이용하기 어려운 저신용·저소득 근로자의 생계비를 지원하여  서민층의 경제적 자립 및 자활을 지원합니다.,,서민금융콜센터 1397,금융위원회,서민금융과,2021,2021-04-23
17518,서민금융 활성화 지원(햇살론youth 보증사업),http://www.bokjiro.go.kr/welInfo/retrieveGvmtWelInfo.do?welInfSno=17518,"금융취약계층인 대학생, 청년의 금융애로를 해소하여 학업 및 취업에 전념, 향후 제도권 금융으로 안착할 수 있도록 지원합니다.",,문의처참고 ,금융위원회,서민금융과,2021,2021-04-30
89,서민층가스시설개선,http://www.bokjiro.go.kr/welInfo/retrieveGvmtWelInfo.do?welInfSno=89,가스사고를 예방하기 위하여 가스 사고에 취약한 LPG호스를 금속배관으로교체하는 비용을 지원합니다.,한국가스안전공사 http://www.kgs.or.kr,한국가스안전공사 1544-4500,산업통상자원부,에너지안전과,2020,2020-05-06
91,석면피해구제급여,http://www.bokjiro.go.kr/welInfo/retrieveGvmtWelInfo.do?welInfSno=91,석면으로 인한 건강 피해를 신속하고 공정하게 구제할 수 있도록 지원합니다.,한국환경산업기술원 석면피해 구제팀 www.adrc.or.kr,한국환경산업기술원 석면피해 구제팀 1833-7690,환경부,환경피해구제과,2021,2021-05-18
237,선천성 난청검사 및 보청기 지원,http://www.bokjiro.go.kr/welInfo/retrieveGvmtWelInfo.do?welInfSno=237,선천성 난청을 조기진단과 조기 재활을 통해 난청으로 인해 발생할 수 있는 언어 지능 발달장애 사회부적응 등을 예방하고 건강한 성장을 도모합니다.,G-Health http://www.g-health.kr/ 보건복지부 콜센터 http://www.129.go.kr,보건복지상담센터 129,보건복지부,출산정책과,2021,2021-04-13
236,선천성대사이상 검사 및 환아관리,http://www.bokjiro.go.kr/welInfo/retrieveGvmtWelInfo.do?welInfSno=236,장애발생을 사전에 예방하여 영유아의 건강을 증진합니다.,G-Health http://www.g-health.kr/ 보건복지부 콜센터 http://www.129.go.kr,보건복지콜센터 129,보건복지부,출산정책과,2021,2021-04-16
69,성매매 피해아동청소년 통합지원,http://www.bokjiro.go.kr/welInfo/retrieveGvmtWelInfo.do?welInfSno=69,성매매 피해아동·청소년에게 피해를 입은 때부터 성인이 될 때까지 종합서비스를 제공하여 청소년의 원활한 사회복귀를 지원합니다.,,중앙센터(한국여성인권진흥원) 02-6363-8410,여성가족부,권익기반과,2021,2021-06-11
70,성폭력피해자 지원사업,http://www.bokjiro.go.kr/welInfo/retrieveGvmtWelInfo.do?welInfSno=70,심리·정서·신체적으로 위기상태에 있는 성폭력 피해자에게 상담·의료·법률·보호·숙식제공 등의 서비스를 제공하여 회복과 자립을 돕습니다.,여성가족부 http://www.mogef.go.kr/ 여성긴급전화 www.women1366.kr,여성긴급전화 1366,여성가족부,권익지원과,2021,2021-06-17
279,소상공인지원(융자),http://www.bokjiro.go.kr/welInfo/retrieveGvmtWelInfo.do?welInfSno=279,국가경제의 균형발전을 도모하기 위하여 소상공인의 창업 및 경영 개선 활동을 지원합니다.,, ,중소벤처기업부,소상공인정책과,2019,2019-03-20
276,손자녀가계지원비,http://www.bokjiro.go.kr/welInfo/retrieveGvmtWelInfo.do?welInfSno=276,광복 이후 사망한 독립유공자의 손자녀에게 가계지원비를 지급합니다.,국가보훈처 http://www.mpva.go.kr/,보훈상담센터 1577-0606,국가보훈처,선양정책과,2021,2021-04-09
17522,쉼터퇴소청소년 자립지원수당 지급,http://www.bokjiro.go.kr/welInfo/retrieveGvmtWelInfo.do?welInfSno=17522,청소년쉼터 퇴소 청소년의 안정적인 자립을 위하여 자립지원 수당을 지원합니다.,"청소년상담복지센터, 한국청소년상담복지개발원 한국청소년상담복지개발원(www.kyci.or.kr)",한국청소년상담복지개발원 1388,여성가족부,청소년자립지원과,2021,2021-05-31
12394,스포츠강좌이용권,http://www.bokjiro.go.kr/welInfo/retrieveGvmtWelInfo.do?welInfSno=12394,저소득층 청소년에게 지속적인 스포츠 활동 기회를 보장하여 체력향상과 건전한 여가활동을 지원합니다.,국민체육진흥공단(스포츠강좌이용권) http://svoucher.kspo.or.kr,국민체육진흥공단(스포츠강좌이용권) 02-410-1298~9,문화체육관광부,체육진흥과,2021,2021-05-13
39,시각장애인 음악재활센터 지원,http://www.bokjiro.go.kr/welInfo/retrieveGvmtWelInfo.do?welInfSno=39,"시각장애인에게 체계적인 음악재활 프로그램을 제공해 전문 음악인을 양성하고, 음악을 통하여 자립할 수 있도록 시각장애인 음악재활센터에 사업비를 지원합니다.",,실로암시각장애인복지관 02-880-0500,보건복지부,장애인권익지원과,2020,2020-10-07
12397,시간제보육,http://www.bokjiro.go.kr/welInfo/retrieveGvmtWelInfo.do?welInfSno=12397,가정 양육 시에도 필요한 때에 필요한 만큼 이용할 수 있는 보육 서비스를 제공하여  자녀 양육에 대한 부담을 경감하고 부모의 보육 서비스 선택권을 보장합니다.,시간제보육 상담 임신육아종합포털 아이사랑 www.childcare.go.kr,시간제보육 상담 1661-9361,보건복지부,보육사업기획과,2021,2021-06-11
345,시설급여,http://www.bokjiro.go.kr/welInfo/retrieveGvmtWelInfo.do?welInfSno=345,어르신이 자녀에게 부담을 주지 않고전문적인 장기요양서비스를 받을 수 있도록 지원합니다.,국민건강보험공단 www.nhis.or.kr,국민건강보험공단 상담센터 1577-1000,보건복지부,요양보험제도과,2021,2021-05-11
216,시청각장애인용 TV 무료 보급사업,http://www.bokjiro.go.kr/welInfo/retrieveGvmtWelInfo.do?welInfSno=216,시·청각 장애인이 비장애인과 동등한 조건에서 방송매체에 접근할 수 있도록 장애인용 TV를 보급함으로써 방송소외계층의 방송접근권(TV시청권)을 보장합니다.,시청자미디어재단 tv.kcmf.or.kr,시청자미디어재단 1688-4596,방송통신위원회,미디어다양성정책과,2021,2021-05-24
40,실종아동 등 보호 및 지원,http://www.bokjiro.go.kr/welInfo/retrieveGvmtWelInfo.do?welInfSno=40,아동이나 지적 장애인(자폐/정신장애 포함)의 실종을 예방하기 위한 교육과 홍보를 실시하고 가족이 해체되는 것을 예방하기 위하여 장기실종 가족을 지원합니다,실종아동전문기관 www.missingchild.or.kr,실종아동전문기관 02-777-0182,보건복지부,아동학대대응과,2019,2019-04-24
300,아동발달지원계좌(디딤씨앗통장)지원,http://www.bokjiro.go.kr/welInfo/retrieveGvmtWelInfo.do?welInfSno=300,"미래성장동력인 아동이 사회에 진출하는 초기 비용을 마련할 수 있도록 자산 형성을 지원함으로써, 빈곤의 대물림을 방지하고 건전한 사회인을 육성하고자 합니다.",디딤씨앗통장(아동발달지원계좌) http://www.adongcda.or.kr 보건복지부 콜센터 http://www.129.go.kr,보건복지 상담센터 129,보건복지부,아동권리과,2021,2021-06-21
16441,아동수당,http://www.bokjiro.go.kr/welInfo/retrieveGvmtWelInfo.do?welInfSno=16441,만 7세 미만 아동의 양육 부담을 덜고 아동의 기본적인 권리와 복지 증진을 돕습니다.,보건복지부 콜센터 http://www.129.go.kr,보건복지상담센터 129,보건복지부,아동복지정책과,2021,2021-06-10
17,아동안전지킴이,http://www.bokjiro.go.kr/welInfo/retrieveGvmtWelInfo.do?welInfSno=17,은퇴한 전문인력을 아동안전지킴이로 선발하여아동범죄 예방 등에 기여할 수 있도록 지원합니다.,경찰청 생활안전국 여성청소년과 사이버경찰청 경찰민원콜센터 사이버경찰청 대한민국 재향경우회 www. ex-police.or.kr 대한노인회 www. koreapeople.co.kr,경찰민원콜센터 182,경찰청,아동청소년과,2021,2021-06-17
301,아동통합서비스지원(드림스타트사업),http://www.bokjiro.go.kr/welInfo/retrieveGvmtWelInfo.do?welInfSno=301,취약계층 아동에게 맞춤형 통합서비스를 제공하여 건강한 성장과 발달을 도모하고 공평한 출발 기회를 보장함으로써 건강하고 행복한 사회구성원으로 성장할 수 있도록 지원합니다.,아동권리보장원 지역아동복지부(드림스타트 담당) http://www.dreamstart.go.kr 보건복지부 http://www.mohw.go.kr,아동권리보장원 지역아동복지부(드림스타트 담당) 02-6283-0268,보건복지부,아동권리과,2021,2021-05-03
164,아이돌봄 서비스,http://www.bokjiro.go.kr/welInfo/retrieveGvmtWelInfo.do?welInfSno=164,맞벌이를 하거나 갑자기 아이를 돌볼 수 없는 일이 생겼을 때 육아 도우미가 방문하여 아이를 돌봐 줍니다.,아이돌봄 지원사업 https://idolbom.go.kr/,아이돌봄 상담대표전화 1577-2514,여성가족부,가족문화과,2021,2021-05-10
323,암검진사업,http://www.bokjiro.go.kr/welInfo/retrieveGvmtWelInfo.do?welInfSno=323,국가적 차원의 암 검진 사업을 실시하여 암을 조기에 발견하고 치료하여 암사망률을 줄입니다.,국가암조기검진사업정보시스템 http://ncs.ncc.re.kr 국가건강정보포털 http://health.mw.go.kr/ 국가암정보센터 http://www.cancer.go.kr,국가암정보센터 1577-8899,보건복지부,질병정책과,2021,2021-06-17
162,암환자의료비지원,http://www.bokjiro.go.kr/welInfo/retrieveGvmtWelInfo.do?welInfSno=162,저소득층 암환자와 소아암환자의 경제적 부담을 줄이고 국가의 암검진율과 치료율을 높이기 위하여 의료비를 지원합니다.,보건복지부 콜센터 http://www.129.go.kr 국가암정보센터 http://www.cancer.go.kr 보건복지부 질병정책과 http://www.mw.go.kr 대한민국정보포털 http://www.cms.korea.go.kr,보건복지상담센터 129,보건복지부,질병정책과,2021,2021-06-15
277,애국지사특별예우금,http://www.bokjiro.go.kr/welInfo/retrieveGvmtWelInfo.do?welInfSno=277,일제강점기에 나라를 위해 자신을 희생한 애국지사의 뜻을 기리고명예를 지킬 수 있도록 예우금을 지급합니다.,국가보훈처 http://www.mpva.go.kr/,보훈상담센터 1577-0606,국가보훈처,선양정책과,2021,2021-04-27
127,양곡할인,http://www.bokjiro.go.kr/welInfo/retrieveGvmtWelInfo.do?welInfSno=127,저소득층의 생활안정을 위해서 생계·의료·주거·교육급여 수급자와 차상위계층에게  정부양곡을 할인된 가격으로 제공합니다.,보건복지부 콜센터 http://www.129.go.kr,보건복지상담센터 129,농림축산식품부,식량정책과,2021,2021-04-12
122,양로지원,http://www.bokjiro.go.kr/welInfo/retrieveGvmtWelInfo.do?welInfSno=122,부양의무자가 없는 국가유공자 등에게 보훈원(양로시설) 입소 후 의식주 등 생활보장과 의료지원 및 사후 묘지 안장 등을 지원합니다.,한국보훈복지의료공단 보훈원 http://town.bohun.or.kr,한국보훈복지의료공단 보훈원 031-250-1521,국가보훈처,복지운영과,2021,2021-06-08
73,양육비 이행 원스톱 종합서비스,http://www.bokjiro.go.kr/welInfo/retrieveGvmtWelInfo.do?welInfSno=73,양육비를 받지 못해 어려움을 겪고 있는 한부모 가족이 원활하게 양육비를 지급받을 수 있도록 지원합니다.,양육비이행관리원 www.childsupport.or.kr,양육비이행관리원 1644-6621,여성가족부,가족지원과,2021,2021-05-31
163,어르신 문화프로그램운영,http://www.bokjiro.go.kr/welInfo/retrieveGvmtWelInfo.do?welInfSno=163,어르신들이 건전한 여가활동과 문화활동을 통해 삶의 질을 높일 수 있도록 돕습니다.,한국문화원연합회 지역문화진흥팀 www.seniorculture.or.kr,한국문화원연합회 지역문화진흥팀 02-704-4311,문화체육관광부,지역전통문화과,2021,2021-06-14
245,어린이 국가예방접종 지원사업,http://www.bokjiro.go.kr/welInfo/retrieveGvmtWelInfo.do?welInfSno=245,국가예방접종 지원으로 경제적 부담을 경감하고 예방접종 대상 감염병 퇴치 기반 마련 및 건강증진에 기여하고자 합니다.,예방접종도우미누리집 https://nip.kdca.go.kr/ 질병관리청 1339 콜센터 https://kdca.go.kr,예방접종도우미누리집 043-719-8397~8399,질병관리청,예방접종관리과,2021,2021-04-29
41,"어린이집지원(교사근무환경개선비,교사겸직원장지원비)",http://www.bokjiro.go.kr/welInfo/retrieveGvmtWelInfo.do?welInfSno=41,어린이집 보육교사와 교사를 겸직하는 원장의 근로여건을 개선할 수 있도록 근무환경 개선비를 지원합니다.,,보건복지상담센터 129,보건복지부,보육사업기획과,2021,2021-06-09
7,어선원 및 어선 재해보상보험,http://www.bokjiro.go.kr/welInfo/retrieveGvmtWelInfo.do?welInfSno=7,어업에 종사하는 어선원과 어선의 재해보상보험료를 지원하고 신속한 보상으로 어선원과 어선 소유자의 경제 활동을 보호합니다.,어선원 및 어선재해보상보험 https://www.suhyup-bank.com,어선원 및 어선재해보상보험 문의전화 1588-4119,해양수산부,소득복지과,2021,2021-04-02
16378,어촌생활돌봄지원,http://www.bokjiro.go.kr/welInfo/retrieveGvmtWelInfo.do?welInfSno=16378,어업인 및 어촌지역의 고령·취약가구에 어촌생활돌봄도우미를 지원하여 기초적인 가정생활을 유지하도록 돕습니다.,,수협중앙회 회원경영지원부 02-2240-3338,해양수산부,소득복지과,2021,2021-05-13
359,언어발달지원사업,http://www.bokjiro.go.kr/welInfo/retrieveGvmtWelInfo.do?welInfSno=359,감각적 장애 부모의 자녀에게 필요한 언어발달지원서비스를 제공하여 아동의 건강한 성장을 돕습니다.,사회서비스바우처 http://www.socialservice.or.kr 보건복지부 콜센터 http://www.129.go.kr,보건복지콜센터 129,보건복지부,장애인서비스과,2021,2021-04-08
220,에너지 취약계층 고효율조명기기 무상교체 지원(취약계층 에너지복지사업),http://www.bokjiro.go.kr/welInfo/retrieveGvmtWelInfo.do?welInfSno=220,에너지 취약계층인 저소득층 및 복지시설에 고효율 조명기기(LED)를무상으로 교체 지원하여 전기요금을 줄이고 전력수요 절감에 기여합니다.,한국에너지공단(에너지복지실) 한국에너지공단,한국에너지공단(에너지 복지실) 052-920-0523,산업통상자원부,에너지효율과,2021,2021-06-14
12393,에너지바우처,http://www.bokjiro.go.kr/welInfo/retrieveGvmtWelInfo.do?welInfSno=12393,에너지 사용에 취약한 저소득 가구의 동하절기 냉난방을 위한 에너지 사용을 보조하고 에너지가 보편적으로 공급될 수 있도록 에너지이용권(바우처 형태)를 지원하는 제도입니다.,에너지바우처 콜센터 www.energyv.or.kr,에너지바우처 콜센터 1600-3190,산업통상자원부,에너지자원정책과,2021,2021-05-28
170,여성경제활동 촉진지원(여성새로일하기지원센터 사업),http://www.bokjiro.go.kr/welInfo/retrieveGvmtWelInfo.do?welInfSno=170,"경력단절여성 대상 취업상담, 직업교육, 인턴, 취업 연계 및 사후관리까지종합취업서비스 지원을 통해 여성의 경제활동을 돕습니다.",여성가족부 http://www.mogef.go.kr/index.jsp 새일센터 홈페이지(e새일) https://saeil.mogef.go.kr,여성새로일하기센터 1544-1199,여성가족부,경력단절여성지원과,2021,2021-06-11
85,여성기업 판로지원,http://www.bokjiro.go.kr/welInfo/retrieveGvmtWelInfo.do?welInfSno=85,여성이 운영하는 기업의 해외 진출을 지원함으로써여성 창업 활성화와 여성 기업의 경쟁력 강화를 도모합니다.,(재)여성기업종합지원센터 www.wesc.or.kr 여성기업종합정보포털 www.wbiz.or.kr,여성기업종합지원센터 02-369-0900,중소벤처기업부,정책총괄과,2021,2021-05-13
84,여성기업종합지원센터 운영,http://www.bokjiro.go.kr/welInfo/retrieveGvmtWelInfo.do?welInfSno=84,여성의 창업을 활성화하고 여성이 운영하는 기업의 경쟁력을 강화합니다.,(재)여성기업종합지원센터 www.wesc.or.kr 여성기업종합정보포털 www.wbiz.or.kr,여성기업종합지원센터 02-369-0900,중소벤처기업부,정책총괄과,2021,2021-05-13
150,여성긴급전화 1366센터 운영 지원,http://www.bokjiro.go.kr/welInfo/retrieveGvmtWelInfo.do?welInfSno=150,"가정폭력이나 성폭력, 성매매 등으로 긴급한 구조와 보호가 필요한 여성을 도와  여성인권을 지킵니다.",,1366센터 1366,여성가족부,권익보호과,2021,2021-04-02
250,여성장애인 출산비용 지원,http://www.bokjiro.go.kr/welInfo/retrieveGvmtWelInfo.do?welInfSno=250,임신과 출산에 대한 비용이 추가로 발생하는 장애인여성에게 출산비용을 지원하여 경제적 부담을 경감하고 모성권 보호에 기여합니다.,보건복지부 콜센터 http://www.129.go.kr,보건복지상담센터 129,보건복지부,장애인서비스과,2021,2021-06-17
241,여성장애인교육지원,http://www.bokjiro.go.kr/welInfo/retrieveGvmtWelInfo.do?welInfSno=241,장애와 여성이라는 이중 제약으로 교육의 기회를 갖지 못한 장애 여성에게 교육서비스를 제공하여 사회참여 기회를 확대합니다.,보건복지부 콜센터 http://www.129.go.kr,보건복지상담센터 129,보건복지부,장애인서비스과,2021,2021-06-18
86,여성창업경진대회,http://www.bokjiro.go.kr/welInfo/retrieveGvmtWelInfo.do?welInfSno=86,여성기업의 창업을 지원함으로써 여성창업을 활성화하고 여성기업의 경쟁력을 강화시킵니다.,여성기업종합정보포털 www.wbiz.or.kr,(재)여성기업종합지원센터 02-369-0943,중소벤처기업부,정책총괄과,2021,2021-05-07
15282,여성청소년 생리대 바우처 지원,http://www.bokjiro.go.kr/welInfo/retrieveGvmtWelInfo.do?welInfSno=15282,여성 청소년에게 생리대를 지원하여 건강하게 성장하도록 지원합니다.,사회보장정보원 www.socialservice.or.kr BC카드  www.bccard.com 삼성카드 www.samsungcard.com 롯데카드 www.lottecard.co.kr,여성가족부 대표전화 02-2100-6000,여성가족부,청소년정책과,2021,2021-05-10
229,영구임대주택공급,http://www.bokjiro.go.kr/welInfo/retrieveGvmtWelInfo.do?welInfSno=229,"생계, 의료급여 수급자, 국가유공자, 일본군 위안부 피해자 등 사회보호계층의 주거안정을 위해 영구임대주택을 공급합니다.",한국토지주택공사 http://www.lh.or.kr/ 공공주택 http://portal.newplus.go.kr,LH콜센터 1600-1004,국토교통부,공공주택총괄과,2020,2020-06-02
275,영주귀국정착금,http://www.bokjiro.go.kr/welInfo/retrieveGvmtWelInfo.do?welInfSno=275,일제강점기 독립운동을 위해 국외로 망명하였다가 귀국하지 못하고 해외에서 거주하다 국내로 영주 귀국하는 독립유공자와 그 유족이 안정적으로 국내에 정착할 수 있도록 지원합니다.,국가보훈처 http://www.mpva.go.kr/,보훈상담센터 1577-0606,국가보훈처,공훈관리과,2021,2021-05-03
116,온라인 정보화교육,http://www.bokjiro.go.kr/welInfo/retrieveGvmtWelInfo.do?welInfSno=116,평생교육사이트 ‘배움나라(estudy)’에서 국민의 정보화 역량을 강화하고 취약계층 정보화 교육을 위한 교육콘텐츠를 개발하여 보급합니다.,한국지능정보사회진흥원 www.itstudy.or.kr,배움나라 053-230-1358,과학기술정보통신부,디지털포용정책팀,2021,2021-04-29
42,외국인근로자 등 의료지원,http://www.bokjiro.go.kr/welInfo/retrieveGvmtWelInfo.do?welInfSno=42,의료 혜택을 받지 못하는 외국인 소외계층에게 의료비를 지원해서 최소한의 건강한 삶을 살 수 있도록 돕습니다.,국립중앙의료원 공공의료사업지원팀 www.nmc.or.kr,보건복지상담센터 129,보건복지부,공공의료과,2020,2020-05-13
180,요양급여(보조기)-산재보험급여,http://www.bokjiro.go.kr/welInfo/retrieveGvmtWelInfo.do?welInfSno=180,근로자가 업무상 사유에 의하여 부상을 당하거나 질병이 발생한 경우 재활에 필요한 보조기구 비용을 지원합니다.,근로복지공단 http://www.kcomwel.or.kr/ 고용산재보험 토털서비스 http://total.kcomwel.or.kr 근로복지공단 고객지원센터 www.kcomwel.or.kr,근로복지공단 대표전화 1588-0075,고용노동부,산재보상정책과,2021,2021-06-08
151,원폭피해자지원,http://www.bokjiro.go.kr/welInfo/retrieveGvmtWelInfo.do?welInfSno=151,"한·일 양국 정부의 합의에 따라 2차대전 당시 재일 한국인 원폭피해자에게  진료비, 진료보조비, 장제비 및 합천원폭피해자복지회관 입주지원 등을 통해 복지증진을 도모합니다.",한국원폭피해자협회 http://www.wonpok.or.kr/ 대한적십자사 http://www.redcross.or.kr/ 보건복지부 콜센터 http://www.129.go.kr,대한적십자사 고객센터 02-3705-3705,보건복지부,질병정책과,2021,2021-06-08
5,위탁병원진료,http://www.bokjiro.go.kr/welInfo/retrieveGvmtWelInfo.do?welInfSno=5,국가유공자와 그 유족 등이 건강한 생활을 유지하고 필요한 진료를 받을 수 있도록 지원합니다.,보훈상담센터 www.mpva.go.kr,국가보훈처 보훈상담센터 1577-0606,국가보훈처,보훈의료과,2021,2021-04-23
329,유아학비보육료 지원(만3~5세 누리과정 지원),http://www.bokjiro.go.kr/welInfo/retrieveGvmtWelInfo.do?welInfSno=329,유치원 및 어린이집에 다니는 만 3세 ~ 5세의 모든 유아에게 유아학비와 보육료를 지원합니다.,교육부 http://www.moe.go.kr e-유치원 http://www.childschool.go.kr 복지로 http://www.bokjiro.go.kr,보건복지부 콜센터 129,교육부,유아교육정책과,2021,2021-03-29
43,육아종합지원서비스 제공,http://www.bokjiro.go.kr/welInfo/retrieveGvmtWelInfo.do?welInfSno=43,영유아와 부모를 위한 종합적인 육아종합서비스를 제공하기 위하여 육아종합지원센터를 개설하고 운영비를 지원합니다.,,보건복지부 콜센터 129,보건복지부,보육정책과,2020,2020-04-06
313,의료급여 선택의료급여기관제,http://www.bokjiro.go.kr/welInfo/retrieveGvmtWelInfo.do?welInfSno=313,의료급여 수급권자에게 의료비를 지원하여 저소득층 국민 보건 향상과 사회복지 증진에 기여합니다.,보건복지부 http://www.mohw.go.kr 보건복지부 콜센터 http://www.129.go.kr,보건복지콜센터 129,보건복지부,기초의료보장과,2021,2021-04-19
314,의료급여 장애인보조기기 지원,http://www.bokjiro.go.kr/welInfo/retrieveGvmtWelInfo.do?welInfSno=314,의료급여수급 장애인에게 장애인보조기기비용을 지원하여 저소득 장애인의 삶의 질 향상과 사회복지 증진에 기여합니다.,보건복지부 http://www.mohw.go.kr 보건복지부 콜센터 http://www.129.go.kr,보건복지콜센터 129,보건복지부,기초의료보장과,2021,2021-04-19
317,"의료급여 중증질환, 희귀질환 및 중증난치질환자 지원",http://www.bokjiro.go.kr/welInfo/retrieveGvmtWelInfo.do?welInfSno=317,중증 및 치료가 힘든 희귀난치성질환을 앓고 있는 의료급여 수급권자에게 의료비를  지원하여 저소득층 국민보건 향상과 사회복지 증진에 기여합니다.,보건복지부 http://www.mohw.go.kr 보건복지부 콜센터 http://www.129.go.kr,보건복지콜센터 129,보건복지부,기초의료보장과,2021,2021-04-09
15207,의료급여 틀니·치과임플란트,http://www.bokjiro.go.kr/welInfo/retrieveGvmtWelInfo.do?welInfSno=15207,"노인 수급권자의 경제적 부담을 완화하고, 치아건강 증진을 위해 틀니 및 치과 임플란트에 대하여 의료급여를 지원합니다.",보건복지부 콜센터 http://www.129.go.kr 보건복지부기초의료보장과 www.mohw.go.kr 건강보험심사평가원 www.hira.or.kr,보건복지부 콜센터 129,보건복지부,기초의료보장과,2021,2021-03-29
248,의료급여(본인부담 보상금),http://www.bokjiro.go.kr/welInfo/retrieveGvmtWelInfo.do?welInfSno=248,의료급여 수급권자의 의료비를 지원하여 저소득층 국민보건 향상과 사회복지 증진에 기여합니다.,보건복지부 국민기초생활보장제도 http://team.mw.go.kr/blss 보건복지부 콜센터 http://www.129.go.kr,보건복지콜센터 129,보건복지부,기초의료보장과,2021,2021-04-22
249,의료급여(본인부담 상한금),http://www.bokjiro.go.kr/welInfo/retrieveGvmtWelInfo.do?welInfSno=249,의료급여 수급권자에게 의료비를 지원하여 저소득층의 국민보건 향상과사회복지 증진에 기여합니다.,보건복지부 국민기초생활보장제도 http://team.mw.go.kr/blss 보건복지부 콜센터 http://www.129.go.kr,보건복지상담센터 129,보건복지부,기초의료보장과,2021,2021-04-22
311,의료급여(요양비),http://www.bokjiro.go.kr/welInfo/retrieveGvmtWelInfo.do?welInfSno=311,의료급여 수급권자에게 의료비를 지원하여 저소득층의 국민보건 향상과 사회복지 증진에 기여합니다.,보건복지부 http://www.mohw.go.kr 보건복지부 콜센터 http://www.129.go.kr,보건복지콜센터 129,보건복지부,기초의료보장과,2021,2021-04-16
310,의료급여(의료급여),http://www.bokjiro.go.kr/welInfo/retrieveGvmtWelInfo.do?welInfSno=310,의료급여수급권자에게 의료비를 지원하여 국민보건 향상 및 사회복지 증진에 기여합니다.,보건복지부 http://www.mohw.go.kr 보건복지부 콜센터 http://www.129.go.kr,보건복지콜센터 129,보건복지부,기초의료보장과,2021,2021-03-26
318,의료급여(의료급여건강생활유지비),http://www.bokjiro.go.kr/welInfo/retrieveGvmtWelInfo.do?welInfSno=318,의료급여 수급권자에게 의료비(건강생활 유지비)를 지원하여 저소득층 국민보건 향상과 사회복지 증진에 기여합니다.,보건복지부 http://www.mohw.go.kr 보건복지부 국민기초생활보장제도 http://team.mw.go.kr/blss 보건복지부 콜센터 http://www.129.go.kr,보건복지상담센터 129,보건복지부,기초의료보장과,2021,2021-04-08
316,의료급여(의료급여대지급금지원),http://www.bokjiro.go.kr/welInfo/retrieveGvmtWelInfo.do?welInfSno=316,의료급여 수급권자의 의료비를 지원하여 저소득층 국민보건 향상과 사회복지 증진에 기여합니다.,보건복지부 국민기초생활보장제도 http://team.mw.go.kr/blss 보건복지부 콜센터 http://www.129.go.kr,보건복지콜센터 129,보건복지부,기초의료보장과,2021,2021-04-08
312,의료급여본인부담면제,http://www.bokjiro.go.kr/welInfo/retrieveGvmtWelInfo.do?welInfSno=312,의료급여 수급권자 중 본인부담금 면제 대상자에게 본인부담금을  지원하여 저소득층의 국민보건 향상과 사회복지 증진에 기여합니다.,보건복지부 국민기초생활보장제도 http://team.mw.go.kr/blss 보건복지부 콜센터 http://www.129.go.kr,보건복지콜센터 129,보건복지부,기초의료보장과,2021,2021-04-08
322,의료급여수급권자 영유아건강검진비 지원,http://www.bokjiro.go.kr/welInfo/retrieveGvmtWelInfo.do?welInfSno=322,"영·유아의 건강증진을 도모하고 건강한 미래인으로 성장할 수 있도록 연령에 적합한 건강검진 프로그램을 도입하여 성장과 발달 사항을  추적 관리하고, 보호자에게 적절한 교육 프로그램을 제공합니다.",국민건강보험공단 http://www.nhis.or.kr/ 보건복지부 http://www.mohw.go.kr 보건복지부 콜센터 http://www.129.go.kr,국민건강보험공단 고객센터 1577-1000,보건복지부,건강증진과,2021,2021-06-17
44,의료급여수급권자 일반건강검진비 지원,http://www.bokjiro.go.kr/welInfo/retrieveGvmtWelInfo.do?welInfSno=44,"국민의 건강을 위협하는 고혈압, 당뇨 등 심뇌혈관질환을 조기에 발견하여 치료할 수 있도록 건강검진 서비스를 제공하고, 만 66세이상 의료급여수급권자를 대상으로 맞춤형 건강진단 서비스를 제공합니다.",국민건강보험공단 www.nhis.or.kr,국민건강보험공단 1577-1000,보건복지부,건강증진과,2021,2021-06-14
315,의료급여임신·출산진료비지원,http://www.bokjiro.go.kr/welInfo/retrieveGvmtWelInfo.do?welInfSno=315,임신이 확인된 의료급여 수급권자에게 임신과 출산에 필요한 의료비를 지원합니다.,보건복지부 http://www.mohw.go.kr 보건복지부 콜센터 http://www.129.go.kr,보건복지콜센터 129,보건복지부,기초의료보장과,2021,2021-04-19
140,의사상자지원,http://www.bokjiro.go.kr/welInfo/retrieveGvmtWelInfo.do?welInfSno=140,본인의 직무와는 상관없이 타인의 생명이나 신체 또는 재산을 구하다가 사망하거나 부상을 입은 사람을 예우하여 유족 또는 가족에게 복지 혜택을 제공합니다.,보건복지부 콜센터 http://www.129.go.kr 보건복지부 사회서비스자원과 http://www.mw.go.kr,보건복지상담센터 129,보건복지부,사회서비스자원과,2021,2021-05-13
161,이공계 국가우수장학금,http://www.bokjiro.go.kr/welInfo/retrieveGvmtWelInfo.do?welInfSno=161,이공계 우수 학생을 발굴하여 미래의 핵심인재로 성장할 수 있도록 국가우수장학금을 지급합니다.,한국장학재단 고객센터 www.kosaf.go.kr,한국장학재단 콜센터 1599-2000,과학기술정보통신부,미래인재양성과,2021,2021-04-23
16488,이동통신 요금감면,http://www.bokjiro.go.kr/welInfo/retrieveGvmtWelInfo.do?welInfSno=16488,사회적 취약계층을 대상으로 가계통신비 부담완화를 위해 통신요금을 지원합니다.,,개별통신사(이동전화로 국번없이) 1523,과학기술정보통신부,통신경쟁정책과,2021,2021-05-27
68,이주배경 청소년 지원,http://www.bokjiro.go.kr/welInfo/retrieveGvmtWelInfo.do?welInfSno=68,다문화가족의 청소년과 국내로 이주해 온 청소년들이 우리 사회에 잘 적응할 수 있도록 상담과 진로지원 프로그램 등을 실시합니다.,이주배경청소년지원센터 www.rainbowyouth.or.kr 레인보우스쿨 www.rainbowyouth.or.kr,이주배경청소년지원재단 02-733-7587,여성가족부,학교밖청소년지원과,2021,2021-06-01
199,인문100년장학금,http://www.bokjiro.go.kr/welInfo/retrieveGvmtWelInfo.do?welInfSno=199,인문 사회 분야 우수인재가 학업에 전념할 수 있는 환경을 조성하여 학문 후속세대로 성장할 수 있도록 지원합니다.,한국장학재단 상담센터 http://www.kosaf.go.kr/,한국장학재단 상담센터 1599-2290,교육부,대학재정장학과,2021,2021-04-02
17160,인플루엔자 국가예방접종 지원사업,http://www.bokjiro.go.kr/welInfo/retrieveGvmtWelInfo.do?welInfSno=17160,"어르신, 임신부 및 어린이의 인플루엔자 접종률 향상과 질병부담 감소를 위해 인플루엔자 예방접종을 국가에서 지원합니다.",예방접종도우미누리집 https://nip.kdca.go.kr/ 질병관리청 1339 콜센터 https://kdca.go.kr,질병관리청 콜센터 1339,질병관리청,예방접종관리과,2021,2021-04-22
192,일반 상환 학자금대출,http://www.bokjiro.go.kr/welInfo/retrieveGvmtWelInfo.do?welInfSno=192,개인 사정에 따라서 거치기간과 상환기간을 합리적으로 조절하여 상환할 수 있는 학자금 대출제도를 운영합니다.,한국장학재단 고객센터 www.kosaf.go.kr,한국장학재단 장학서비스센터 1599-2000,교육부,대학재정장학과,2021,2021-04-09
153,일본군 위안부 피해자 생활안정지원사업,http://www.bokjiro.go.kr/welInfo/retrieveGvmtWelInfo.do?welInfSno=153,"일본군 위안부 피해자에게 안정된 생활을 제공하고,진상을 규명하여 명예를 회복할 수 있도록 기념사업을 추진합니다.",여성가족부 http://www.mogef.go.kr/index.jsp,여성가족부 대표전화 02-2100-6000,여성가족부,권익정책과,2021,2021-06-07
45,입양·가정위탁아동 심리치료 지원,http://www.bokjiro.go.kr/welInfo/retrieveGvmtWelInfo.do?welInfSno=45,입양가정에 위탁해서 자라고 있는 아동이 심리적으로 건강하게 성장할 수 있도록 지원합니다.,아동권리보장원 www.ncrc.or.kr,아동권리보장원 02-6283-0200,보건복지부,아동권리과,2020,2020-03-16
297,입양비용지원,http://www.bokjiro.go.kr/welInfo/retrieveGvmtWelInfo.do?welInfSno=297,아동 입양을 원하는 가정에 입양비용을 지원하여 국내 입양문화의 활성화를 도모합니다.,보건복지부 콜센터 http://www.129.go.kr,보건복지콜센터 129,보건복지부,아동복지정책과,2021,2021-05-13
46,입양숙려기간 모자지원 사업,http://www.bokjiro.go.kr/welInfo/retrieveGvmtWelInfo.do?welInfSno=46,미혼 또는 이혼 한부모가 출산 전후 정서적으로 불안정한 상태로 입양에 동의하는 것을 방지하고 입양과 양육에 대하여 충분히 고려할 기회를 제공합니다.,보건복지부 콜센터 http://www.129.go.kr,보건복지상담센터 129,보건복지부,아동복지정책과,2021,2021-05-04
299,입양아동 양육수당 지원,http://www.bokjiro.go.kr/welInfo/retrieveGvmtWelInfo.do?welInfSno=299,입양아동 양육수당을 지원하여 입양가정의 경제적 부담을 완화하며 국내입양 활성화 및 아동의 건전한 육성을 도모합니다.,보건복지부 콜센터 http://www.129.go.kr,보건복지콜센터 129,보건복지부,아동복지정책과,2021,2021-05-13
247,입원 및 격리치료명령 결핵환자 부양가족생활보호비 지원,http://www.bokjiro.go.kr/welInfo/retrieveGvmtWelInfo.do?welInfSno=247,입원 및 격리치료 명령을 받은 결핵환자의 격리기간 동안 발생한 소득상실을 보전하기 위해 환자 본인 또는 그 부양가족에게 생활보호비를 지급합니다.,,질병관리청 콜센터 1339,질병관리청,결핵정책과,2021,2021-05-18
291,"자산형성지원사업(희망키움통장Ⅰ, Ⅱ 및 내일키움통장)",http://www.bokjiro.go.kr/welInfo/retrieveGvmtWelInfo.do?welInfSno=291,"희망키움통장을 통해 일하는 생계·의료·주거·교육급여 수급가구 및 차상위계층이 생활 안정을 도모하며 자립자금을 저축할 수 있도록 돕고, 내일키움통장을 통해 자활근로사업단의 성실한 근로자들이 자산을 형성할 수 있도록 지원합니다.",희망키움통장 http://www.hopegrowing.com/ 보건복지부 콜센터 http://www.129.go.kr,보건복지콜센터 129,보건복지부,자립지원과,2020,2020-04-10
285,"자활근로(기초, 차상위)",http://www.bokjiro.go.kr/welInfo/retrieveGvmtWelInfo.do?welInfSno=285,생계·의료·주거·교육급여 수급자 및 저소득층에게 근로기회를 제공하여 자립할 수 있도록 돕습니다.,보건복지부 http://www.mohw.go.kr 보건복지부 국민기초생활보장제도 http://team.mw.go.kr/blss 보건복지부 콜센터 http://www.129.go.kr,보건복지콜센터 129,보건복지부,자립지원과,2020,2020-04-10
137,장기복무제대군인 취업지원,http://www.bokjiro.go.kr/welInfo/retrieveGvmtWelInfo.do?welInfSno=137,"오랫동안 복무하고 전역한 제대군인이 원활하게 사회에 복귀할 수 있도록 취업을 지원하고, 특기와 적성에 맞는 직업교육 훈련을 제공함으로써 취업역량을 강화하고 취업률을 높입니다.",국가보훈처 http://www.mpva.go.kr/ 제대군인지원센터 http://www.vnet.go.kr/,보훈상담센터 1577-0606,국가보훈처,제대군인일자리과,2021,2021-05-13
256,장기복무제대군인수업료보조,http://www.bokjiro.go.kr/welInfo/retrieveGvmtWelInfo.do?welInfSno=256,군대에서 오래 복무한 이후에 제대한 군인의 안정적인 생활을 돕기 위하여 수업료를 지원합니다.,국가보훈처 http://www.mpva.go.kr/ 제대군인지원센터 http://www.vnet.go.kr/,보훈상담센터 1577-0606,국가보훈처,제대군인일자리과,2021,2021-05-25
262,장기요양급여이용지원,http://www.bokjiro.go.kr/welInfo/retrieveGvmtWelInfo.do?welInfSno=262,고령의 국가유공자가 요양등급을 판정 받았지만 소득이 적어 요양기관의 서비스를 받기 힘들 때 노후생활 보장을 위하여 본인부담금의 일부를 지원합니다.,국가보훈처 http://www.mpva.go.kr/,보훈상담센터 1577-0606,국가보훈처,복지운영과,2021,2021-06-08
189,장애대학생 교육활동 지원(구. 장애대학생 도우미 지원),http://www.bokjiro.go.kr/welInfo/retrieveGvmtWelInfo.do?welInfSno=189,장애대학생의 고등교육 활동에 필요한 각종 편의지원을 통해 학습효과를 증대하고 고등교육 기회를 확대합니다.,국가평생교육진흥원 www.nile.or.kr 교육부 특수교육정책과(장애학생진로평생교육팀) www.moe.go.kr,교육부 특수교육정책과 044-203-6568,교육부,특수교육정책과,2021,2021-06-14
330,장애수당,http://www.bokjiro.go.kr/welInfo/retrieveGvmtWelInfo.do?welInfSno=330,생활이 어려운 장애인에게 장애수당을 지급하여 생활의 안정을 돕습니다,보건복지부 http://www.mohw.go.kr 보건복지부 콜센터 http://www.129.go.kr,보건복지콜센터 129,보건복지부,장애인자립기반과,2021,2021-01-14
340,장애아가족양육지원,http://www.bokjiro.go.kr/welInfo/retrieveGvmtWelInfo.do?welInfSno=340,이웃과 함께하는 가족 돌봄 문화를 정착하고 장애 아동에 대한 인식의 전환을 위해지역사회의 자원봉사자가 장애아 돌보미 서비스를 제공합니다.,보건복지부 http://www.mohw.go.kr 보건복지부 콜센터 http://www.129.go.kr,보건복지상담센터 129,보건복지부,장애인서비스과,2021,2021-06-11
331,장애아동수당,http://www.bokjiro.go.kr/welInfo/retrieveGvmtWelInfo.do?welInfSno=331,장애로 인하여 생활이 어려운 장애아동이 보다 편안한 생활을 할 수 있도록 지원합니다.,보건복지부 http://www.mohw.go.kr 보건복지부 콜센터 http://www.129.go.kr,보건복지콜센터 129,보건복지부,장애인자립기반과,2021,2021-01-14
298,장애아동입양 양육보조금,http://www.bokjiro.go.kr/welInfo/retrieveGvmtWelInfo.do?welInfSno=298,장애 아동을 입양한 가정에 양육보조금을 지원하여 장애아동의 국내입양 활성화를 도모합니다.,보건복지부 콜센터 http://www.129.go.kr,보건복지상담센터 129,보건복지부,아동복지정책과,2021,2021-05-07
293,장애아보육료지원,http://www.bokjiro.go.kr/welInfo/retrieveGvmtWelInfo.do?welInfSno=293,어린이집을 이용하는 장애아의 보육료를 지원하여 부모의 경제적 부담을 경감합니다.,보건복지부 http://www.mohw.go.kr 보건복지부 콜센터 http://www.129.go.kr,보건복지상담센터 129,보건복지부,보육사업기획과,2021,2021-06-09
48,장애인 운전교육 사업,http://www.bokjiro.go.kr/welInfo/retrieveGvmtWelInfo.do?welInfSno=48,중증장애인의 운전면허 취득에 필요한 실기(기능 및 도로주행) 교육과 면허증을 소지한 중도장애인의 운전 적응을 위한 순회교육을 실시하여 장애인의 이동권을 증진하고 사회참여를 확대합니다.,국립재활원 장애예방운전지원과 www.nrc.go.kr,국립재활원 장애예방운전지원과 02-901-1553,보건복지부,장애인권익지원과,2020,2020-03-18
118,장애인 정보화교육,http://www.bokjiro.go.kr/welInfo/retrieveGvmtWelInfo.do?welInfSno=118,"장애인에게 다양한 정보화 교육을 실시하여 정보사회 적응능력을 배양하고, IT에 소질이 있는 장애인에게 전문교육을 실시하여 소득창출 기회를 제공함으로써 장애인의 경제적 자립을 도모합니다.",한국지능정보사회진흥원 www.itstudy.or.kr,한국정보화진흥원 장애인정보화교육 1588-2670,과학기술정보통신부,디지털포용정책팀,2021,2021-04-29
280,장애인 창업점포 지원사업,http://www.bokjiro.go.kr/welInfo/retrieveGvmtWelInfo.do?welInfSno=280,"장애인이 창업시 점포 임대보증금을 5년 기간이내, 1억 3천만원 한도에서 대여합니다.",장애인기업종합지원센터 문의전화 www.debc.or.kr,장애인기업종합지원센터 02-2181-6500,중소벤처기업부,소상공인경영지원과,2021,2021-06-17
181,장애인 표준사업장 설립지원,http://www.bokjiro.go.kr/welInfo/retrieveGvmtWelInfo.do?welInfSno=181,사업주가 장애인표준사업장을 설립하고 운영할 수 있도록 지원금을 지급하여 장애인의 안정된 일자리를 마련합니다.,한국장애인고용공단 http://www.kead.or.kr,장애인고용공단 대표전화 1588-1519,고용노동부,장애인고용과,2021,2021-05-31
341,장애인거주시설 실비입소료 지원,http://www.bokjiro.go.kr/welInfo/retrieveGvmtWelInfo.do?welInfSno=341,입소의 사각지대에 있는 저소득 중증 장애인이 실비 입소 장애인 거주시설을 이용할 시에 입소이용료를 지원합니다.,보건복지부 http://www.mohw.go.kr 보건복지부 콜센터 http://www.129.go.kr,보건복지콜센터 129,보건복지부,장애인권익지원과,2020,2020-04-13
135,장애인고용시설장비 융자·지원,http://www.bokjiro.go.kr/welInfo/retrieveGvmtWelInfo.do?welInfSno=135,"장애인이 직장에서 일하는데 도움을 주는 작업시설, 부대시설, 편의시설을 설치하는 비용을 사업주에게 빌려주어 장애인의 고용안정과 사업주의 노동생산성을 높입니다.",한국장애인고용공단 http://www.kead.or.kr 고용노동부 고객상담센터 http://www.moel.go.kr/,한국장애인고용공단 1588-1519,고용노동부,장애인고용과,2021,2021-05-31
179,장애인고용장려금지급,http://www.bokjiro.go.kr/welInfo/retrieveGvmtWelInfo.do?welInfSno=179,의무고용률 이상으로 장애인을 고용하는 사업주에게 고용장려금을 지급하여 장애인 근로자의 취업과 장애인 고용 촉진을 돕습니다.,한국장애인고용공단 http://www.kead.or.kr,한국장애인고용공단 1588-1519,고용노동부,장애인고용과,2021,2021-05-31
87,장애인기업종합지원센터 운영,http://www.bokjiro.go.kr/welInfo/retrieveGvmtWelInfo.do?welInfSno=87,장애인의 창업과 기업활동을 촉진함으로써 장애인의 경제적 자립과 장애인 기업의 성장을 돕습니다.,장애인기업종합지원센터 문의전화 www.debc.or.kr,장애인기업종합지원센터 02-2181-6500,중소벤처기업부,소상공인경영지원과,2021,2021-06-17
143,장애인문화·예술 지원,http://www.bokjiro.go.kr/welInfo/retrieveGvmtWelInfo.do?welInfSno=143,장애인의 문화예술 향유 기회를 확대하여 문화예술 욕구를 충족시키고 장애인 예술가의 창작활동과 예술교육을 지원하여 예술활동 역량 강화를 도모합니다.,한국장애인문화예술원 www.i-eum.or.kr,한국장애인문화예술원 이음 02-760-9700,문화체육관광부,예술정책과,2021,2021-05-13
47,장애인보조견 전문훈련기관 지원,http://www.bokjiro.go.kr/welInfo/retrieveGvmtWelInfo.do?welInfSno=47,"장애인의 안전하고 원활한 생활을 돕기 위해 보조견을 보급하고,훈련하는 일을 지원합니다.",,한국장애인도우미견협회 031-691-7782,보건복지부,장애인권익지원과,2020,2020-04-13
333,장애인보조기기 교부,http://www.bokjiro.go.kr/welInfo/retrieveGvmtWelInfo.do?welInfSno=333,생활이 어려운 저소득 장애인들이 복지 혜택을 누릴 수 있도록장애인 보조기기를 지원합니다.,중앙 장애인보조기구 사례관리센터 http://rtc.nrc.go.kr 보건복지부 콜센터 http://www.129.go.kr,장애인 보조기기 콜센터 1670-5529,보건복지부,장애인자립기반과,2021,2021-06-18
17524,장애인스포츠강좌이용권 지원,http://www.bokjiro.go.kr/welInfo/retrieveGvmtWelInfo.do?welInfSno=17524,"장애인 대상 스포츠 참여 기회를 제공하여 삶의 질 향상, 사회적 소외감 해소를 통한 사회통합에 기여하기 위한 사업입니다.",국민체육진흥공단(스포츠강좌이용권) http://svoucher.kspo.or.kr,국민체육진흥공단(스포츠강좌이용권) 02-410-1298~9,문화체육관광부,장애인체육과,2021,2021-06-02
349,장애인연금,http://www.bokjiro.go.kr/welInfo/retrieveGvmtWelInfo.do?welInfSno=349,장애로 인하여 생활이 어려운 중증장애인의 안정된 삶을 위해 연금을 지급합니다.,보건복지부 콜센터 http://www.129.go.kr,보건복지콜센터 129,보건복지부,장애인자립기반과,2020,2020-02-12
336,장애인의료비지원,http://www.bokjiro.go.kr/welInfo/retrieveGvmtWelInfo.do?welInfSno=336,저소득 장애인에게 의료비를 지원하여 생활안정 및 의료 보장을 도모합니다.,보건복지부 http://www.mohw.go.kr 보건복지부 콜센터 http://www.129.go.kr,보건복지상담센터 129,보건복지부,장애인자립기반과,2021,2021-06-18
338,장애인일자리지원,http://www.bokjiro.go.kr/welInfo/retrieveGvmtWelInfo.do?welInfSno=338,미취업 장애인의 사회참여를 확대시키고 소득을 보장하기 위하여 공공형 일자리를 제공합니다.,보건복지부 http://www.mohw.go.kr 일자리사업통합정보시스템(일모아) http://www.ilmoa.go.kr 보건복지부 콜센터 http://www.129.go.kr,보건복지콜센터 129,보건복지부,장애인자립기반과,2021,2021-04-06
54,장애인자립생활지원센터,http://www.bokjiro.go.kr/welInfo/retrieveGvmtWelInfo.do?welInfSno=54,"장애인의 권익을 옹호하고, 동료상담 및 개인별 자립 지원 등의 서비스를 제공하여  자립에 필요한 역량을 강화하고, 지역사회의 다양한 활동에 참여하도록 지원합니다.",,보건복지콜센터 129,보건복지부,장애인권익지원과,2020,2020-04-13
134,장애인자립자금 대여,http://www.bokjiro.go.kr/welInfo/retrieveGvmtWelInfo.do?welInfSno=134,저소득 장애인의 소규모 창업 및 출퇴근용 자동차 구입 비용을 장기 저리로 빌려 드려 생업의 기반을 다지고 편리하게 이동할 수 있도록 지원합니다.,,보건복지콜센터 129,보건복지부,장애인자립기반과,2020,2020-03-12
88,장애인창업육성,http://www.bokjiro.go.kr/welInfo/retrieveGvmtWelInfo.do?welInfSno=88,장애인의 창업을 돕습니다,장애인기업종합지원센터 문의전화 www.debc.or.kr,장애인기업종합지원센터 02-2181-6500,중소벤처기업부,소상공인경영지원과,2021,2021-06-18
355,장애인활동지원,http://www.bokjiro.go.kr/welInfo/retrieveGvmtWelInfo.do?welInfSno=355,장애인의 자립생활과 사회 활동 참여를 증진하기 위하여활동에 필요한 보조 서비스를 제공합니다.,보건복지부 http://www.mohw.go.kr 보건복지부 콜센터 http://www.129.go.kr 국민연금공단 지사 http://www.nps.or.kr/jsppage/app/intro/nps/current/current_06.jsp,보건복지상담센터 129,보건복지부,장애인서비스과,2021,2021-04-23
302,장애입양아동 의료비 지원,http://www.bokjiro.go.kr/welInfo/retrieveGvmtWelInfo.do?welInfSno=302,"장애아동을 입양한 국내입양가정에 의료비를 지원하여 장애아동의 국내입양을 활성화하고, 건전한 양육이 이루어지도록 합니다.",보건복지부 콜센터 http://www.129.go.kr,보건복지상담센터 129,보건복지부,아동복지정책과,2021,2021-05-07
16494,장애친화 건강검진기관,http://www.bokjiro.go.kr/welInfo/retrieveGvmtWelInfo.do?welInfSno=16494,"장애인과 비장애인간, 장애유형간 국가건강검진 수검률 격차 해소와 건강검진 예방의료서비스 이용접근성 보장을 지원합니다.",보건복지부 콜센터 http://www.129.go.kr,보건복지상담센터 129,보건복지부,장애인정책과,2021,2021-05-18
22,장애학생 정보격차 해소 지원,http://www.bokjiro.go.kr/welInfo/retrieveGvmtWelInfo.do?welInfSno=22,특수교육 대상자와 교사를 위해 교수·학습지원 콘텐츠를 개발하고 사이트를 운영하여 정보격차 해소를 지원합니다.,국립특수교육원 http://www.nise.go.kr 에듀에이블 http://eduable.net,국립특수교육원 041-537-1485,교육부,정보지원과,2021,2021-06-08
284,장제급여,http://www.bokjiro.go.kr/welInfo/retrieveGvmtWelInfo.do?welInfSno=284,"수급자가 사망하였을 경우 사체의 검안, 운반, 화장 또는 매장 등의기타 장례를 하는데 필요한 금품을 지원합니다.",보건복지부 http://www.mohw.go.kr,보건복지콜센터 129,보건복지부,기초생활보장과,2021,2021-05-13
344,재가급여,http://www.bokjiro.go.kr/welInfo/retrieveGvmtWelInfo.do?welInfSno=344,노인에게 장기요양서비스를 제공하여 중장년층과 자녀 등 모든 세대의 고충을 경감하고 품위 있는 노후생활을 할 수 있도록 지원합니다.,국민건강보험공단 www.nhis.or.kr,국민건강보험공단 상담센터 1577-1000,보건복지부,요양보험제도과,2021,2021-05-11
49,재가암환자관리,http://www.bokjiro.go.kr/welInfo/retrieveGvmtWelInfo.do?welInfSno=49,"집에서 투병중인 암환자를 대상으로 지역사회에서 제공 가능한 보건의료서비스를 통합적, 지속적으로 제공합니다",보건복지부 질병정책과 http://www.mw.go.kr,보건복지상담센터 129,보건복지부,질병정책과,2021,2021-06-15
16490,재난적의료비 지원 사업,http://www.bokjiro.go.kr/welInfo/retrieveGvmtWelInfo.do?welInfSno=16490,과도한 의료비로 인한 경제적 부담을 겪는 가구에 의료비를 지원합니다.,국민건강보험공단 www.nhis.or.kr,국민건강보험공단 1577-1000,보건복지부,의료보장관리과,2021,2021-06-21
17523,재취업지원서비스 시행지원,http://www.bokjiro.go.kr/welInfo/retrieveGvmtWelInfo.do?welInfSno=17523,"재취업지원서비스 지원제도('20.5월 시행)가 현장에 안착할 수 있도록  사업주에게 컨설팅, 담당자 연수 등의 서비스를 제공합니다.",고용노동부 http://www.moel.go.kr,고용노동부 담당자 044-202-7465,고용노동부,고령사회인력정책과,2021,2021-05-31
259,재해보상금,http://www.bokjiro.go.kr/welInfo/retrieveGvmtWelInfo.do?welInfSno=259,"군복무 중 사망한 군인 또는 의무경찰 등의 유족에게 사망보상금을 지급하거나,의무경찰 등이 복무 중 부상을 입고 퇴직한 경우 상이급여금을 지원합니다.",국가보훈처 http://www.mpva.go.kr/,보훈상담센터 1577-0606,국가보훈처,보상정책과,2021,2021-04-23
255,재해위로금지급,http://www.bokjiro.go.kr/welInfo/retrieveGvmtWelInfo.do?welInfSno=255,"재해로 인명, 재산상 피해를 입은 국가유공자 등 보훈가족을 위로하고 재해복구의지를 고취시키기 위하여 재해위로금을 지급합니다.",국가보훈처 http://www.mpva.go.kr/,보훈상담센터 1577-0606,국가보훈처,복지정책과,2021,2021-03-29
50,저소득층 기저귀·조제분유 지원,http://www.bokjiro.go.kr/welInfo/retrieveGvmtWelInfo.do?welInfSno=50,저소득층 가구의 영아를 양육하는 부모에게 기저귀와 조제분유를 지원하여 경제적 부담을 덜어드립니다.,보건복지부 콜센터 http://www.129.go.kr,보건복지부 콜센터 129,보건복지부,출산정책과,2021,2021-04-16
346,저소득층 본인부담금 경감,http://www.bokjiro.go.kr/welInfo/retrieveGvmtWelInfo.do?welInfSno=346,저소득층의 본인부담금을 경감하여 서비스를 이용하는 부담을 줄입니다.,국민건강보험공단 http://www.nhis.or.kr/,국민건강보험공단 상담센터 1577-1000,보건복지부,요양보험제도과,2020,2020-03-17
221,저소득층 에너지효율 개선,http://www.bokjiro.go.kr/welInfo/retrieveGvmtWelInfo.do?welInfSno=221,"저소득층 노후주택의 보일러, 창호, 단열, 바닥 공사 등을 지원하여에너지 사용환경 개선을 통한 에너지 구입비용을 절감시킵니다.",한국에너지재단 www.koref.or.kr,한국에너지재단 1670-7653,산업통상자원부,자원안보정책과,2021,2021-05-13
188,저임금근로자 사회보험료지원사업(두루누리),http://www.bokjiro.go.kr/welInfo/retrieveGvmtWelInfo.do?welInfSno=188,소규모 사업에 근무하는 저임금 근로자의 사회보험료를 지원하여 근로자의 경제적 부담을 경감합니다.,고용노동부 http://www.moel.go.kr/ 보건복지부 http://www.mohw.go.kr 근로복지공단 http://www.kcomwel.or.kr/ 근로복지공단 고객지원센터 www.kcomwel.or.kr 고용노동부 고객상담센터 http://www.moel.go.kr/ 국민연금공단 http://www.nps.or.kr,근로복지공단 고객지원센터 1588-0075,고용노동부,고용지원실업급여과,2021,2021-05-11
51,전립선등 노인성질환 예방관리,http://www.bokjiro.go.kr/welInfo/retrieveGvmtWelInfo.do?welInfSno=51,"전립선 질환을 조기에 진단하고, 예방과 관리를 위한 교육 및 홍보를 지원합니다. ※ 2021.3월 2021년 사업 수행자 공모 진행 중으로 5~6월 중 사업 시작 예정",,한국전립선관리협회 02-534-2214,보건복지부,건강정책과,2021,2021-04-16
232,정보통신보조기기보급,http://www.bokjiro.go.kr/welInfo/retrieveGvmtWelInfo.do?welInfSno=232,장애인과 국가유공자 등에게 정보통신 보조기기를 지원하여 정보화 생활을 개선하고 정보격차를 해소합니다.,정보통신보조기기 사업 http://www.at4u.or.kr/,한국정보화진흥원 상담센터 1588-2670,과학기술정보통신부,디지털포용정책팀,2021,2021-05-03
243,정신건강복지센터운영(아동청소년정신건강증진사업 포함),http://www.bokjiro.go.kr/welInfo/retrieveGvmtWelInfo.do?welInfSno=243,일반인은 물론 아동·청소년에게 발생할 수 있는 정신건강(정신질환 등) 문제를 예방하고 조기에 발견하여 상담과 재활을 통해 치료받을 수 있도록 지원합니다.,한국정신보건전문요원협회 http://www.kamhp.or.kr/ 한국자살예방협회 http://www.suicideprevention.or.kr/ 자살예방협회 사이버상담실 http://www.counselling.or.kr/ 대한신경정신과의사회 http://www.onmaum.com/ 보건복지부 콜센터 http://www.129.go.kr,보건복지상담센터 129,보건복지부,정신건강관리과,2021,2021-06-15
136,제대군인 대부지원,http://www.bokjiro.go.kr/welInfo/retrieveGvmtWelInfo.do?welInfSno=136,"금융기관에 대부업무를 위탁하여 신용이 낮은 사람도 대부를 받을 수 있도록 하고, 6개월 이상 연체된 채권은 보훈처에서 양수하여 오랫동안 군복무한 제대군인의 생활안정을 도모합니다.",국가보훈처 http://www.mpva.go.kr/ 제대군인지원센터 http://www.vnet.go.kr/,보훈상담센터 1577-0606,국가보훈처,제대군인취업과,2021,2021-05-25
258,제대군인전직지원금,http://www.bokjiro.go.kr/welInfo/retrieveGvmtWelInfo.do?welInfSno=258,"군인연금 비대상 중,장기복무 제대군인의 생활안정을 도모하고 취업과 창업을 촉진하기 위하여 제대군인 전직지원금을 지급합니다.",국가보훈처 http://www.mpva.go.kr/ 제대군인지원센터 http://www.vnet.go.kr/,보훈상담센터 1577-0606,국가보훈처,제대군인일자리과,2021,2021-05-13
282,주거급여(맞춤형 급여),http://www.bokjiro.go.kr/welInfo/retrieveGvmtWelInfo.do?welInfSno=282,주거안정과 주거생활 향상을 위하여 일정 소득 이하 국민에게 주거급여를 지원합니다.,마이홈 www.myhome.go.kr,마이홈 콜센터 1600-0777,국토교통부,주거복지정책과,2021,2021-06-09
12395,주거안정 월세대출,http://www.bokjiro.go.kr/welInfo/retrieveGvmtWelInfo.do?welInfSno=12395,주택 상황의 급변으로 인해 주거 비용이 급증한 저소득 임차가구의 주거 안정을 도모하기 위해 월세 대출을 지원합니다.,주택도시기금 nhuf.milit.go.kr,주택도시기금 1566-9009,국토교통부,주택기금과,2021,2021-05-26
12392,주거안정 월세대출 보증,http://www.bokjiro.go.kr/welInfo/retrieveGvmtWelInfo.do?welInfSno=12392,자활의지가 있는 저소득계층의 주거안정을 지원합니다.,한국주택금융공사 http://www.hf.go.kr/,한국주택금융공사 대표전화 1688-8114,금융위원회,가계금융과,2021,2021-05-31
207,주택담보노후연금보증,http://www.bokjiro.go.kr/welInfo/retrieveGvmtWelInfo.do?welInfSno=207,"소득이 없거나 부족한 노인이, 보유하고 있는 주택을 담보로 매월 일정금액의 대출금을 연금형식으로 받아 안정적인 노후 생활을 할 수 있습니다.",한국주택금융공사 http://www.hf.go.kr/,한국주택금융공사 대표전화 1688-8114,금융위원회,가계금융과,2021,2021-05-31
52,중도시각장애인재활훈련지원,http://www.bokjiro.go.kr/welInfo/retrieveGvmtWelInfo.do?welInfSno=52,후천적 시각장애인을 위하여 맞춤형 재활 및 교육 프로그램을 실시하고 사회에 잘 적응하여 삶의 질을 향상시킬 수 있도록 지원합니다.,,한국시각장애인연합회 02-799-1000,보건복지부,장애인권익지원과,2020,2020-04-13
244,중독관리통합지원센터 운영,http://www.bokjiro.go.kr/welInfo/retrieveGvmtWelInfo.do?welInfSno=244,"중독관리통합지원센터(구, 알콜상담센터)를 설치·운영하여 통합적인 문제 음주자 및 알코올 등 중독자 관리체계를 구축하고 중독자 조기발견·상담·치료·재활 및 사회로의 복귀를 지원합니다.",G-Health http://www.g-health.kr/ 보건복지부 콜센터 http://www.129.go.kr,보건복지상담센터 129,보건복지부,정신건강관리과,2021,2021-06-16
156,중앙아동보호전문기관 운영,http://www.bokjiro.go.kr/welInfo/retrieveGvmtWelInfo.do?welInfSno=156,"전국에 있는 61개 지역아동보호전문기관을 관리 감독하여 아동학대 예방 사업의 전문성을 확보하고, 사업을 활성화합니다.",,중앙아동보호전문기관 02-6906-1010,보건복지부,아동학대대응과,2019,2019-05-13
257,중장기복무 제대군인 무료법률 구조지원,http://www.bokjiro.go.kr/welInfo/retrieveGvmtWelInfo.do?welInfSno=257,제대군인이 사회적응 과정에서 겪는 법률문제를 대한법률구조공단을 통해무료로 지원합니다.,대한법률구조공단 http://www.klac.or.kr/ 제대군인지원센터 http://www.vnet.go.kr/,보훈상담센터 1577-0606,국가보훈처,제대군인취업과,2021,2021-05-13
83,중장년 기술창업센터 지원,http://www.bokjiro.go.kr/welInfo/retrieveGvmtWelInfo.do?welInfSno=83,"경력, 네트워크, 전문성을 보유한 중장년 (예비)창업자의 기술창업 활성화를 위해 창업교육과 창업거점을 지원합니다.",K-스타트업 http://www.K-startup.go.kr/,K-스타트업 1357(내선번호 3번),중소벤처기업부,창업촉진과,2021,2021-05-21
17520,중증장애인 근로자 출퇴근비용 지원,http://www.bokjiro.go.kr/welInfo/retrieveGvmtWelInfo.do?welInfSno=17520,"중증장애인에게 출, 퇴근 비용 지원하여 근로의욕 고취와 안정적 직업생활 유지하기 위함입니다.",한국장애인고용공단 http://www.kead.or.kr,한국장애인고용공단 1588-1519,고용노동부,장애인고용과,2021,2021-05-15
16496,중증장애인 지역맞춤형 취업지원 사업,http://www.bokjiro.go.kr/welInfo/retrieveGvmtWelInfo.do?welInfSno=16496,"동료상담, 자조모임 등 동료지원 활동을 통해 비경제활동 또는 실업상태에 있는중증장애인의 취업의욕 고취하여 경제활동을 촉진",한국장애인고용공단 http://www.kead.or.kr,한국장애인고용공단 1588-1519,고용노동부,장애인고용과,2021,2021-06-14
337,중증장애인 직업재활 지원,http://www.bokjiro.go.kr/welInfo/retrieveGvmtWelInfo.do?welInfSno=337,중증장애인의 자립기반을 마련하여 사회 참여를 증진시키기 위하여 직업재활서비스를 지원합니다.,보건복지부 콜센터 http://www.129.go.kr,보건복지상담센터 129,보건복지부,장애인자립기반과,2021,2021-05-07
178,중증장애인지원고용(훈련수당),http://www.bokjiro.go.kr/welInfo/retrieveGvmtWelInfo.do?welInfSno=178,중증장애인의 고용을 위해 직무수행에 필요한 기술과 직장적응을 취업 전 사업체 현장에서 지도하여 취업으로 연계합니다.,한국장애인고용공단 http://www.kead.or.kr,장애인고용공단 대표전화 1588-1519,고용노동부,장애인고용과,2021,2021-06-10
158,"지방세 비과세감면(주민세, 취득세, 자동차세, 재산세, 지역자원시설세 등)",http://www.bokjiro.go.kr/welInfo/retrieveGvmtWelInfo.do?welInfSno=158,"생계·의료·주거·교육급여 수급자, 국가유공자, 장애인 등이 부담하는 세부 사업별 세액을 감면·면제하여 생활 안정과 시설 운영을 돕습니다.",,행정안전부 044-205-3860,행정안전부,지방세특례제도과,2021,2021-05-04
60,지역 청소년활동정책 진흥사업(구 17개시도 지방청소년 활동진흥센터 운영지원),http://www.bokjiro.go.kr/welInfo/retrieveGvmtWelInfo.do?welInfSno=60,지방에 중앙의 청소년 정책을 전달하여 17개 시도 지역 청소년들이 균형 있게 성장하도록 지역 청소년활동정책을 지원합니다.,서울특별시청소년활동진흥센터 http://www.sy0404.or.kr 부산광역시청소년활동진흥센터 http://www.bsyouthvol.net 대구청소년지원재단 (청소년활동진흥센터) http://active.daeguyouth.net 인천광역시청소년활동진흥센터 http://www.inyouthvol.net 광주광역시청소년활동진흥센터 http://www.gjcenter.net 대전광역시청소년활동진흥센터 http://www.tjyvc.net 울산광역시청소년활동진흥센터 http://www.yesulsan.kr 세종특별자치시청소년활동진흥센터 http://www.sjyouth.or.kr 경기도청소년활동진흥센터  http://www.gysc.or.kr 강원청소년활동진흥센터 http://www.gwysc.or.kr 충북청소년종합지원센터(청소년활동진흥센터) http://www.cbyouth.net 재)충청남도청소년진흥원(청소년활동진흥센터) http://cnyouth.or.kr 전라북도청소년활동진흥센터 http://www.jb0479.or.kr 전남청소년미래재단 http://www.jnyouth.or.kr 경상북도청소년진흥원(청소년활동진흥센터) http://www.we7942.or.kr 경남청소년종합지원본부(청소년활동진흥센터) http://www.gnyouth.net 제주특별자치도청소년활동진흥센터 http://jejuyouth.net,여성가족부 청소년활동진흥과 02-2100-6255,여성가족부,청소년활동진흥과,2021,2021-06-01
234,지역공동체일자리사업,http://www.bokjiro.go.kr/welInfo/retrieveGvmtWelInfo.do?welInfSno=234,취약계층에게 생산적이고 안정적이며 지속 가능한 지역공동체 일자리를 제공하여 서민생활의 안정을 돕습니다.,행정안전부 http://www.moi.go.kr/,행정안전부 고객센터 02-2100-3399,행정안전부,지역일자리경제과,2021,2021-05-10
74,지역사회 청소년통합지원체계(청소년안전망),http://www.bokjiro.go.kr/welInfo/retrieveGvmtWelInfo.do?welInfSno=74,"학업중단, 가출, 인터넷 중독 등 위기에 처한 청소년의 건강한 성장과 복지증진을 위해 상담·보호·교육·자립 등 맞춤형 서비스를 제공합니다.",,여성가족부 청소년자립지원과 02-2100-6275,여성가족부,청소년자립지원과,2020,2021-06-07
128,지역사회 통합건강증진사업,http://www.bokjiro.go.kr/welInfo/retrieveGvmtWelInfo.do?welInfSno=128,"지역사회를 기반으로 금연, 음주폐해예방(절주), 신체활동, 영양, 비만예방관리, 구강보건, 지역사회중심재활 등의다양한 건강증진사업을 실시하여 지역 주민들의 건강한 삶을 지원합니다.",보건복지부 http://www.mohw.go.kr,보건복지상담센터 129,보건복지부,건강정책과,2021,2021-06-09
55,지역사회서비스투자사업,http://www.bokjiro.go.kr/welInfo/retrieveGvmtWelInfo.do?welInfSno=55,지역의 특성과 수요에 부합하는 사회서비스를 제공하여 지역복지를 활성화하고 양질의 일자리를 창출할 수 있도록 지원합니다.,보건복지부 사회서비스바우처 http://www.socialservice.or.kr 보건복지부 사회서비스사업과 www.mw.go.kr,사회서비스 전자바우처 1566-3232,보건복지부,사회서비스사업과,2021,2021-04-22
252,지역아동센터 지원,http://www.bokjiro.go.kr/welInfo/retrieveGvmtWelInfo.do?welInfSno=252,"방과후 돌봄이 필요한 지역사회 아동의 건전육성을 위하여 보호·교육, 건전한 놀이와 오락의 제공, 보호자와 지역사회의 연계 등 종합적인 복지서비스 제공합니다.",보건복지부 콜센터 http://www.129.go.kr,보건복지상담센터 129,보건복지부,인구정책총괄과,2021,2021-05-18
56,지역자활센터 운영,http://www.bokjiro.go.kr/welInfo/retrieveGvmtWelInfo.do?welInfSno=56,"근로 능력이 있는 저소득층에게 체계적, 집중적인 자활 서비스를 제공하여 자활 의욕을 고취하고 자립 능력을 높입니다.",보건복지부 콜센터 http://www.129.go.kr,보건복지콜센터 129,보건복지부,자립지원과,2020,2020-04-10
187,직업능력개발운영(훈련수당),http://www.bokjiro.go.kr/welInfo/retrieveGvmtWelInfo.do?welInfSno=187,"장애인의 희망·적성·능력 등에 맞는 직업생활을 할 수 있도록, 직업능력개발훈련을 실시하여 경제적 안정을 도모합니다.",한국장애인고용공단 http://www.kead.or.kr 한국장애인고용공단 일산직업능력개발원 http://campus.kead.or.kr/ilsan 한국장애인고용공단 부산직업능력개발원 http://campus.kead.or.kr/busan 한국장애인고용공단 대구직업능력개발원 http://campus.kead.or.kr/daegu 한국장애인고용공단 대전직업능력개발원 http://campus.kead.or.kr/daejeon 한국장애인고용공단 전남직업능력개발원 http://campus.kead.or.kr/jeonnam 한국장애인고용공단 서울맞춤훈련센터 http://www.kead.or.kr 한국장애인고용공단 서울발달장애인훈련센터 http://www.kead.or.kr 한국장애인고용공단 인천발달장애인훈련센터 http://www.kead.or.kr 한국장애인고용공단 천안아산맞춤훈련센터 http://www.kead.or.kr 한국장애인고용공단 창원맞춤훈련센터 http://www.kead.or.kr 한국장애인고용공단 대구발달장애인훈련센터 http://www.kead.or.kr 한국장애인고용공단 광주발달장애인훈련센터 http://www.kead.or.kr 한국장애인고용공단 인천맞춤훈련센터 http://www.kead.or.kr 한국장애인고용공단 전주맞춤훈련센터 http://www.kead.or.kr 한국장애인고용공단 제주맞춤훈련센터 http://www.kead.or.kr 한국장애인고용공단 경기발달장애인훈련센터 http://www.kead.or.kr 한국장애인고용공단 강원발달장애인훈련센터 http://www.kead.or.kr 한국장애인고용공단 경기맞춤훈련센터 http://www.kead.or.kr 한국장애인고용공단 경북발달장애인훈련센터 http://www.kead.or.kr 한국장애인고용공단 대전발달장애인훈련센터 http://www.kead.or.kr 한국장애인고용공단 부산발달장애인훈련센터 http://www.kead.or.kr 한국장애인고용공단 울산발달장애인훈련센터 http://www.kead.or.kr 한국장애인고용공단 전북발달장애인훈련센터 http://www.kead.or.kr 정부·공공부문 대비 온라인과정 http://digital.kead.or.kr 한국장애인고용공단 경남발달장애인훈련센터 http://www.kead.or.kr 한국장애인고용공단 충북발달장애인훈련센터 http://www.kead.or.kr,한국장애인고용공단 대표번호 1588-1519,고용노동부,장애인고용과,2021,2021-06-11
176,직업훈련생계비 대부,http://www.bokjiro.go.kr/welInfo/retrieveGvmtWelInfo.do?welInfSno=176,근로 취약계층이 생계비에 대한 부담 없이 장기간 체계적인 훈련을 받고 더 나은 일자리로 취업할 수 있도록 지원합니다.,근로복지공단 http://www.kcomwel.or.kr/,근로복지공단 대표전화 1588-0075,고용노동부,인적자원개발과,2021,2021-04-29
104,직장어린이집 설치 지원,http://www.bokjiro.go.kr/welInfo/retrieveGvmtWelInfo.do?welInfSno=104,근로자의 육아 부담을 덜고 여성의 경제활동 참여를 촉진하기 위하여 직장어린이집의 설치 및 운영을 지원합니다.,,근로복지공단 직장보육지원센터 02-2670-0410~9,고용노동부,여성고용정책과,2021,2021-06-17
105,진폐근로자 보호,http://www.bokjiro.go.kr/welInfo/retrieveGvmtWelInfo.do?welInfSno=105,"분진작업 종사 근로자의 진폐 예방을 위하여 건강진단 및 정밀진단을 실시하고,진폐에 걸린 근로자 및 그 유족에게 위로금을 지급하여 진폐근로자의 건강을 보호하고 생활안정을 돕습니다.",근로복지공단 업무상질병부 www.kcomwel.or.kr,근로복지공단 대표전화 1588-0075,고용노동부,산재보상정책과,2021,2021-06-08
360,차상위본인부담경감대상자지원,http://www.bokjiro.go.kr/welInfo/retrieveGvmtWelInfo.do?welInfSno=360,치료가 필요한 차상위계층의 요양급여 비용 중 본인이 부담해야 하는 금액을 지원합니다.,국민건강보험공단 http://www.nhis.or.kr/,국민건강보험공단 상담센터 1577-1000,보건복지부,보험정책과,2021,2021-05-07
274,참전명예수당,http://www.bokjiro.go.kr/welInfo/retrieveGvmtWelInfo.do?welInfSno=274,참전 유공자의 안정적인 생활과 복지 향상을 위해 명예 수당을 지급합니다.,국가보훈처 http://www.mpva.go.kr/,보훈상담센터 1577-0606,국가보훈처,보상정책과,2021,2021-05-26
159,창작준비금 지원,http://www.bokjiro.go.kr/welInfo/retrieveGvmtWelInfo.do?welInfSno=159,예술인에게 창작준비에 필요한 지원금을 지급하여 안정적인 창작환경을 마련할 수 있도록 돕고 예술활동을 장려합니다.,한국예술인복지재단 www.kawf.kr,한국예술인복지재단 02-3668-0200,문화체육관광부,예술정책과,2021,2021-05-03
57,척수장애인재활훈련지원,http://www.bokjiro.go.kr/welInfo/retrieveGvmtWelInfo.do?welInfSno=57,"척수장애인에게 사회·심리 재활, 동료 상담가 파견, 지역사회 복귀훈련 등의다양한 재활프로그램을 지원합니다.",,한국척수장애인협회 1599-1991,보건복지부,장애인권익지원과,2020,2020-04-13
16438,청년희망키움통장,http://www.bokjiro.go.kr/welInfo/retrieveGvmtWelInfo.do?welInfSno=16438,일하는 생계급여수급 청년의 탈수급과  자립을 향한 꿈을 키워나갈 수 있도록 돕습니다.,보건복지부 http://www.mohw.go.kr 보건복지부 콜센터 http://www.129.go.kr,보건복지콜센터 129,보건복지부,자립지원과,2020,2020-04-16
17162,청소년 발달장애학생 방과후활동서비스,http://www.bokjiro.go.kr/welInfo/retrieveGvmtWelInfo.do?welInfSno=17162,만 12세~17세의 청소년 발달장애인이 방과후에도 돌봄을 지원받을 수 있도록  방과후활동 이용권을 지급합니다.,보건복지부 콜센터 http://www.129.go.kr 지역발달장애인지원센터 www.broso.or.kr,보건복지상담센터 129,보건복지부,장애인서비스과,2021,2021-06-15
75,청소년국제교류,http://www.bokjiro.go.kr/welInfo/retrieveGvmtWelInfo.do?welInfSno=75,청소년의 국제 교류를 통해 국가간 우의를 증진하고 국가간 협력기반을 조성하여 글로벌 리더의 역량을 개발하도록 지원합니다.,여성가족부 청소년활동진흥과 https://www.youth.go.kr/iye,여성가족부 청소년활동진흥과 02-2100-6256,여성가족부,청소년활동진흥과,2021,2021-06-11
76,청소년동반자프로그램 운영,http://www.bokjiro.go.kr/welInfo/retrieveGvmtWelInfo.do?welInfSno=76,"위기 청소년을 대상으로 전문가가 찾아가서 심층상담을 하고,청소년 동반자 프로그램을 통해 심리적·정서적 지지를 얻을 수 있도록 지원합니다.",,여성가족부 청소년자립지원과 02-2100-6275,여성가족부,청소년자립지원과,2020,2021-06-07
171,청소년방과후아카데미운영지원,http://www.bokjiro.go.kr/welInfo/retrieveGvmtWelInfo.do?welInfSno=171,"방과후 돌봄이 필요한 취약계층 청소년에게 체험활동, 학습지원, 급식, 상담 등 종합서비스 제공을 통한 건강한 성장 및 자립 역량 배양을 지원합니다.",청소년방과후아카데미운영지원단 (www.youth.go.kr/yaca,청소년방과후아카데미운영지원단 02-330-2831~3,여성가족부,청소년활동진흥과,2021,2021-05-31
62,청소년복지시설 운영 지원,http://www.bokjiro.go.kr/welInfo/retrieveGvmtWelInfo.do?welInfSno=62,가출 청소년을 보호하고 상담이나 교육문화활동 지원을 통해 비행이나 탈선을 예방하여 가정복귀와 사회적응을 돕습니다.,"청소년상담복지센터, 한국청소년상담복지개발원 한국청소년상담복지개발원(www.kyci.or.kr)",한국청소년상담복지개발원 1388,여성가족부,청소년자립지원과,2021,2021-05-11
77,청소년사이버상담센터 운영,http://www.bokjiro.go.kr/welInfo/retrieveGvmtWelInfo.do?welInfSno=77,어려움을 겪고 있는 청소년에게 사이버상담센터에서 인터넷으로 상담합니다.,"청소년상담복지센터, 한국청소년상담복지개발원 한국청소년상담복지개발원(www.kyci.or.kr)",한국청소년상담복지개발원 1388(지역번호+1388),여성가족부,청소년자립지원과,2021,2021-06-01
58,청소년산모 임신·출산 의료비 지원,http://www.bokjiro.go.kr/welInfo/retrieveGvmtWelInfo.do?welInfSno=58,청소년산모에게 임신 및 출산에 필요한 의료비를 지원하여 청소년산모와 태아의 건강증진을 돕습니다.,사회서비스바우처 http://www.socialservice.or.kr,사회서비스 전자바우처 1566-3232(단축번호4),보건복지부,출산정책과,2021,2021-04-16
78,청소년성문화센터 설치·운영,http://www.bokjiro.go.kr/welInfo/retrieveGvmtWelInfo.do?welInfSno=78,"아동·청소년이 다양한 도구와 매체를 활용하여 자기 주도적으로 학습할 수 있는 상설 성교육공간을 구축하여 운영함으로써 건강한 성 가치관 정립을 지원하고, 성범죄 예방을 도모합니다.",광진구청소년성문화센터 www.seekle.or.kr 송파청소년성문화센터 www.youth1318.or.kr 아하!청소년성문화센터 www.ahacenter.kr 창동청소년성문화센터 www.cdyouth.or.kr 드림청소년성문화센터 sundreamcenter.cafe24.com/default/ 늘함께청소년성문화센터 www.say2008.or.kr 부산광역시청소년성문화센터 bs4.ox.or.kr 탄생의신비관청소년성문화센터 www.busansay.co.kr 탄생의신비관이동형청소년성문화센터 www.busansay.co.kr 대구청소년성문화센터 www.dgsay.net 대구아름청소년성문화센터 daeguarm.net 인천광역시청소년성문화센터 www.isc.or.kr 부평구청소년성문화센터 www.bpy.or.kr 광주광역시청소년성문화센터 gjsay.onmam.com 광산구청소년성문화센터 www.wawasay.or.kr 대전광역시청소년성문화센터 www.djsay.net 울산시청소년성문화센터 www.ulsansay.com 경기도청소년성문화센터 www.tacteenwa.or.kr 경기북부청소년성문화센터 www.congcong.or.kr 부천시청소년성문화센터 www.bchello.co.kr 화성시청소년성문화센터 http://www.hssay.or.kr 경기도이동형청소년성문화센터 www.tacteenwa.or.kr 경기북부이동형청소년성문화센터 www.congcong.or.kr 강릉시청소년성문화센터 www.gnsay1318.or.kr 강원도청소년성문화센터 www.isay.or.kr 원주시청소년성문화센터 www.n-center.or.kr 강원이동형청소년성문화센터 www.isay.or.kr 충청북도청소년성문화센터 www.cbsay.or.kr 충주시청소년청소년성문화센터 www.chungjusay.com 충북이동형청소년성문화센터 www.cjhotline.co.kr 충청남도청소년성문화센터 www.cnyouth.or.kr 군산시청소년성문화센터 cafe.daum.net/gunsan-say 익산시청소년성문화센터 www.issay.or.kr 전주시청소년성문화센터 www.jeonjusay.com 정읍시청소년성문화센터 www.jesay.net 목포시청소년성문화센터 www.msay.or.kr 여수시청소년성문화센터 www.ysay.kr 전라남도청소년성문화센터 www.jnsay.or.kr 경상북도청소년성문화센터 www.gbsay.com 포항청소년성문화센터 www.phsay1004.or.kr 경상북도북부청소년성문화센터 www.gbbsay.kr 경북이동형청소년성문화센터 www.gbbsay.kr 경상남도청소년성문화센터 www.youthsacheon.com 창원시청소년성문화센터 www.gnyouth.net 경남이동형청소년성문화센터 www.gnyouth.net 서귀포시청소년성문화센터 www.sgpyouth.or.kr 제주시청소년성문화센터 say.jejusi.go.kr,한국청소년성문화센터협의회 02-3144-1223,여성가족부,아동청소년성보호과,2021,2021-03-29
145,청소년유해환경개선,http://www.bokjiro.go.kr/welInfo/retrieveGvmtWelInfo.do?welInfSno=145,선정된 민간단체가 청소년을 대상으로 유해약물을 불법으로 판매하는 업소에 대하여 모니터링을 실시합니다.,여성가족부 http://www.mogef.go.kr/,여성가족부 대표전화 02-2100-6000,여성가족부,청소년보호환경과,2021,2021-06-14
79,청소년전화1388 및 모바일문자상담 운영,http://www.bokjiro.go.kr/welInfo/retrieveGvmtWelInfo.do?welInfSno=79,"청소년 전화 1388 전화상담과 모바일 문자상담, 카카오톡 상담 등을  운영하여 청소년의 일상적인 고민 상담부터 위기상황에 대한 상담 등을 지원합니다.","청소년상담복지센터, 한국청소년상담복지개발원 한국청소년상담복지개발원(www.kyci.or.kr)",청소년상담복지센터 1388,여성가족부,청소년자립지원과,2021,2021-06-01
144,청소년치료재활센터 운영,http://www.bokjiro.go.kr/welInfo/retrieveGvmtWelInfo.do?welInfSno=144,"정서나 행동에 어려움을 겪는 청소년이 건강하게 성장하도록 종합적이고 전문적 서비스를 제공하는 기숙형 상담, 치료기관을 운영합니다.",국립중앙청소년디딤센터 www.nyhc.or.kr,국립중앙청소년디딤센터 031-333-1900,여성가족부,청소년보호환경과,2021,2021-06-01
160,청소년특별지원,http://www.bokjiro.go.kr/welInfo/retrieveGvmtWelInfo.do?welInfSno=160,"보호자가 없거나, 실질적으로 보호자의 보호를 받지 못하는 위기청소년이 올바르게 성장하고 안정된 생활을 할 수 있도록 지원합니다.",여성가족부 http://www.mogef.go.kr/index.jsp,여성가족부 02-2100-6000,여성가족부,학교밖청소년지원과,2021,2021-06-01
353,청소년한부모 고교생 교육비 지원,http://www.bokjiro.go.kr/welInfo/retrieveGvmtWelInfo.do?welInfSno=353,학업이 중단될 위기에 직면한 청소년 한부모가 정규 고등학교 교육 과정을 이수할 기회를 보장합니다.,여성가족부 http://www.mogef.go.kr/index.jsp,여성가족부 대표전화 02-2100-6000,여성가족부,가족지원과,2021,2021-06-11
155,청소년한부모자립지원,http://www.bokjiro.go.kr/welInfo/retrieveGvmtWelInfo.do?welInfSno=155,청소년 한부모가 자녀를 양육하고 자립할 수 있도록 지원합니다.,여성가족부 http://www.mogef.go.kr/index.jsp,한부모 상담전화 1644-6621,여성가족부,가족지원과,2021,2021-06-07
80,청소년활동지원,http://www.bokjiro.go.kr/welInfo/retrieveGvmtWelInfo.do?welInfSno=80,청소년이 꿈을 펼칠 수 있도록 다양한 체험활동 기회를 제공하여 개성과 창의성을 개발하고 건강하게 성장하도록 지원합니다.,,여성가족부 청소년활동진흥과 02-2100-6249,여성가족부,청소년활동진흥과,2021,2021-06-01
190,초.중.고 학생 교육정보화 지원,http://www.bokjiro.go.kr/welInfo/retrieveGvmtWelInfo.do?welInfSno=190,"초등학생, 중학생, 고등학생에게 PC와 인터넷 통신비를 지원하여  정보 소외 계층의 교육 격차를 해소하고 균등한 교육 기회를 제공합니다.","중앙상담센터 (09:00~22:00, 주말포함)",중앙상담센터 1544-9654,교육부,이러닝과,2021,2021-05-31
200,초등돌봄교실,http://www.bokjiro.go.kr/welInfo/retrieveGvmtWelInfo.do?welInfSno=200,맞벌이가정 등의 자녀가 방과후에도 안심하고 생활할 수 있도록 학교가 자녀를 돌봅니다.,교육부 http://www.moe.go.kr,교육부 대표전화 02-6222-6060,교육부,방과후돌봄정책과,2021,2021-01-12
17163,최저임금적용제외 근로장애인 전환지원,http://www.bokjiro.go.kr/welInfo/retrieveGvmtWelInfo.do?welInfSno=17163,직업재활시설 최저임금 적용제외 대상 근로장애인에게 직업재활과 훈련기회를 제공하여 양질의 일자리로 고용전환을 지원합니다.,한국장애인고용공단 http://www.kead.or.kr,한국장애인고용공단 1588-1519,고용노동부,장애인고용과,2021,2021-06-10
106,출산육아기 고용안정장려금,http://www.bokjiro.go.kr/welInfo/retrieveGvmtWelInfo.do?welInfSno=106,육아휴직·육아기 근로시간 단축 등에 따른 사업주의 노무 비용 부담을 완화하고 육아휴직 등 기간 중 대체인력 활용을 촉진하여 고용안정을 도모합니다.,고용노동부 고객상담센터 http://www.moel.go.kr/,고용노동부 고객상담센터 1350,고용노동부,여성고용정책과,2021,2021-06-17
90,취약계층 환경성질환 예방사업,http://www.bokjiro.go.kr/welInfo/retrieveGvmtWelInfo.do?welInfSno=90,"실내환경 진단 및 컨설팅, 실내환경 개선, 환경성질환자(소아·청소년·어르신) 진료지원 서비스를 제공합니다.",환경부 www.me.go.kr 한국환경산업기술원 환경피해예방실 www.keiti.re.kr,"한국환경산업기술원 환경피해예방실 02-2284-1813, 1827",환경부,환경보건정책과,2021,2021-05-26
107,취약계층취업촉진 사업,http://www.bokjiro.go.kr/welInfo/retrieveGvmtWelInfo.do?welInfSno=107,취약계층을 위한 취업촉진프로그램을 제공하여 구직의욕 및 기술을 제고하고 취업 촉진을 지원합니다.,고용노동부 고객상담센터 http://www.moel.go.kr/,고용노동부 고객상담센터 1350,고용노동부,고용서비스정책과,2021,2021-05-31
209,"취약농가인력지원(영농도우미, 행복나눔이(가사도우미) 지원)",http://www.bokjiro.go.kr/welInfo/retrieveGvmtWelInfo.do?welInfSno=209,"사고, 질병 농가에는 영농도우미를 지원하여 안정적인 영농활동으로 농가소득을 증대할 수 있도록 돕고, 고령의 취약 농촌 가정에는 행복나눔이를  지원하여 기초적인 가사생활을 유지할 수 있도록 돕습니다.",,농협중앙회 지역사회공헌부 02-2080-5424,농림축산식품부,농촌사회복지과,2021,2021-04-23
193,취업 후 상환 학자금대출,http://www.bokjiro.go.kr/welInfo/retrieveGvmtWelInfo.do?welInfSno=193,대학생이 학업에 전념할 수 있도록 학자금 전액대출을 지원하고 일정 소득이 발생한 후 소득수준에 따라 상환할 수 있도록 합니다.,한국장학재단 고객센터 www.kosaf.go.kr,한국장학재단 고객센터 1599-2000,교육부,대학재정장학과,2021,2021-03-26
59,취학전 아동 실명예방,http://www.bokjiro.go.kr/welInfo/retrieveGvmtWelInfo.do?welInfSno=59,"취학 전 아동의 시력검진과 눈 건강관리 교육을 실시하여 저시력 및 안질환을 조기에 발견하고, 적절한 치료와 관리를 통해 아동시각장애를 사전에 예방할 수 있도록 지원합니다.",한국실명예방재단 http://www.kfpb.org,"한국실명예방재단 02-718-1088, 1102",보건복지부,출산정책과,2021,2021-04-16
239,치매치료관리비지원사업,http://www.bokjiro.go.kr/welInfo/retrieveGvmtWelInfo.do?welInfSno=239,노후에도 안정적인 삶을 누릴 수 있도록 치매를 조기에 치료하고 지속적으로 관리하여 증상을 호전시키거나 심화를 예방합니다.,보건복지부 콜센터 http://www.129.go.kr 치매상담콜센터 www.nid.or.kr,보건복지상담센터 129,보건복지부,치매정책과,2021,2021-04-22
16440,큰글자책 보급 및 활성화 지원,http://www.bokjiro.go.kr/welInfo/retrieveGvmtWelInfo.do?welInfSno=16440,어르신과 시력이 좋지 않은 분들을 위해 도서관에 큰글자책을 보급하여 도서 접근성을 강화합니다.,,문화체육관광부 도서관정보정책기획단 044-203-2628,문화체육관광부,도서관정책기획단,2021,2021-05-04
23,탈북학생 교육지원,http://www.bokjiro.go.kr/welInfo/retrieveGvmtWelInfo.do?welInfSno=23,북한에서 남한으로 이주한 학생이 우리사회의 통합된 일원으로 적응하여통일 미래의 맞춤형 인재로 성장할 수 있도록 지원합니다.,탈북청소년교육지원센터 www.hub4u.or.kr,탈북청소년교육지원센터 043-530-9481,교육부,교육기회보장과,2021,2021-06-11
119,통신중계서비스 제공,http://www.bokjiro.go.kr/welInfo/retrieveGvmtWelInfo.do?welInfSno=119,"청각 또는 언어장애인이 전화로 의사소통을 할 수 있도록 중계사(문자, 수화)를 통해 통신중계서비스를 제공합니다.",손말이음센터 http://relaycall.or.kr 한국정보화진흥원 손말이음센터 www.relaycall.or.kr,손말이음센터 107,과학기술정보통신부,통신경쟁정책과,2021,2021-05-18
138,통합문화이용권,http://www.bokjiro.go.kr/welInfo/retrieveGvmtWelInfo.do?welInfSno=138,"경제적 여건 등으로 문화생활이 어려운 분들에게 문화 향유, 여행, 스포츠 관람 등을 이용할 수 있는 문화누리카드를 발급하여 문화활동을 지원합니다.",문화누리카드 www.mnuri.kr,문화누리카드 콜센터 1544-3412,문화체육관광부,문화정책과,2021,2021-03-31
343,특별현금급여(가족요양비),http://www.bokjiro.go.kr/welInfo/retrieveGvmtWelInfo.do?welInfSno=343,가족 등으로부터 방문요양에 상당한 장기요양급여를 받았을 때가족의 부담을 경감하기 위하여 가족요양비를 지급합니다.,국민건강보험공단 http://www.nhis.or.kr/,국민건강보험공단 고객센터 1577-1000,보건복지부,요양보험제도과,2021,2021-05-11
16439,평생교육바우처,http://www.bokjiro.go.kr/welInfo/retrieveGvmtWelInfo.do?welInfSno=16439,저소득층 성인이 평생교육 기회를 가질 수 있도록 바우처를 지원합니다.,평생교육 바우처 http://www.lllcard.kr,평생교육 바우처 상담센터 1600-3005,교육부,평생학습정책과,2021,2021-05-11
165,폭력피해여성 주거지원 사업,http://www.bokjiro.go.kr/welInfo/retrieveGvmtWelInfo.do?welInfSno=165,가정폭력과 성폭력의 피해를 입은 여성이 자립할 수 있도록   피해여성과 가족이 공동으로 생활할 수 있는 주거공간을 지원합니다.,여성긴급전화 www.womenhotline.or.kr,여성긴급전화 1366,여성가족부,권익보호과,2021,2021-04-27
235,표준모자보건수첩 제작 배부,http://www.bokjiro.go.kr/welInfo/retrieveGvmtWelInfo.do?welInfSno=235,"표준모자보건수첩을 제작하고 배부하여 예방접종, 각종 검진, 검사, 양육 등에 대한 정보를 제공하고, 관리할 수 있도록 지원합니다.",아이사랑보육포털 http://www.childcare.go.kr G-Health http://www.g-health.kr/ 보건복지부 콜센터 http://www.129.go.kr,보건복지콜센터 129,보건복지부,출산정책과,2021,2021-04-16
113,풍수해보험료 지원,http://www.bokjiro.go.kr/welInfo/retrieveGvmtWelInfo.do?welInfSno=113,풍수해로 인한 피해를 빠르고 공정하게 보상하기 위해 행정안전부가 주관하고 민간보험사가 판매하는 정책보험으로 보험 가입자가 부담해야 할 보험료의 일부를 정부가 지원하여 저렴한 보험료로 피해 보상을 받도록 합니다.,KB손해보험 http://www.kbinsure.co.kr DB손해보험 http://www.idbins.com/Index.jsp 현대해상 http://www.hi.co.kr 삼성화재 http://www.samsungfire.com NH농협손해보험 http://www.nhfire.co.kr,국가재난정보센터 02-2100-0793,행정안전부,재난보험과,2021,2021-05-16
81,학교 밖 청소년 지원,http://www.bokjiro.go.kr/welInfo/retrieveGvmtWelInfo.do?welInfSno=81,"학교 밖 청소년의 개인적 수요와 특성을 고려한 상담·교육·직업체험 및 취업, 자립지원 프로그램을 제공하여 건강한 사회구성원으로 성장하도록 지원합니다.",학교 밖 청소년지원센터 홈페이지 www.kdream.or.kr,청소년상담 1388,여성가족부,학교밖청소년지원과,2021,2021-05-11
213,학교우유급식,http://www.bokjiro.go.kr/welInfo/retrieveGvmtWelInfo.do?welInfSno=213,"성장기에 있는 기초생활수급자와 차상위계층 등의 학생에게 학교 우유급식을 공급함으로써 체력 증진과 영양 불균형을 해소하고, 우유소비기반을 확대하여 낙농산업의 안정적 발전을 도모합니다.",농림축산식품부 www.mafra.go.kr,농림축산식품부 학교우유급식 담당 044-201-2341,농림축산식품부,축산경영과,2021,2021-06-14
157,학대피해아동 쉼터 설치 및 운영,http://www.bokjiro.go.kr/welInfo/retrieveGvmtWelInfo.do?welInfSno=157,아동학대 신고접수 후 현장조사 등을 통해 아동이 분리보호가 필요하다고 판단될 경우 학대피해아동전용쉼터에 협조를 요청합니다.,보건복지부 콜센터 http://www.129.go.kr,보건복지부 콜센터 129,보건복지부,아동학대대응과,2019,2019-05-13
352,한부모가족 아동양육비 지원,http://www.bokjiro.go.kr/welInfo/retrieveGvmtWelInfo.do?welInfSno=352,한부모가족이나 조손가족이 가족의 기능을 유지하고 안정된 생활을 할 수 있도록 아동 양육비를 지원합니다.,여성가족부 http://www.mogef.go.kr/index.jsp,한부모 상담전화 1644-6621,여성가족부,가족지원과,2021,2021-04-09
82,한부모가족복지시설 지원,http://www.bokjiro.go.kr/welInfo/retrieveGvmtWelInfo.do?welInfSno=82,저소득 한부모가족의 안정을 위해 일정기간 동안 주거를 지원합니다.,,각 시·도청 여성가족과 ,여성가족부,가족지원과,2021,2021-06-14
351,한부모가족자녀 교육비 지원,http://www.bokjiro.go.kr/welInfo/retrieveGvmtWelInfo.do?welInfSno=351,저소득 한부모가족 및 조손가족의 교육비(학비)를 지원합니다.,교육비 원클릭 신청 시스템 상담센터 https://oneclick.moe.go.kr,교육부 원클릭 신청 시스템 상담센터 1544-9654,교육부,교육복지정책과,2021,2021-06-10
152,한센인 피해자 지원,http://www.bokjiro.go.kr/welInfo/retrieveGvmtWelInfo.do?welInfSno=152,"한센인 피해사건에 대한 진상을 파악하고, 피해자에게 의료지원과위로지원금을 지원하여 생활 안정을 도모합니다.",보건복지부 http://www.mohw.go.kr 보건복지부 콜센터 http://www.129.go.kr,보건복지상담센터 129,보건복지부,질병정책과,2021,2021-06-08
283,해산급여,http://www.bokjiro.go.kr/welInfo/retrieveGvmtWelInfo.do?welInfSno=283,수급자 가구의 임산부가 출산 예정이거나 출산한 경우에 해산비를 지급합니다.,보건복지부 http://www.mohw.go.kr,보건복지콜센터 129,보건복지부,기초생활보장과,2021,2021-05-14
12405,행복주택 공급,http://www.bokjiro.go.kr/welInfo/retrieveGvmtWelInfo.do?welInfSno=12405,"만 19~39세 청년, (예비)신혼부부, 한부모가족, 대학생 등 젊은층의 주거 안정을 위해 대중교통이 편리하거나 직주근접이 가능한 부지에 주변 시세보다 저렴한 임대주택을 공급합니다.",한국토지주택공사 http://www.lh.or.kr/ SH공사 홈페이지 http://www.i-sh.co.kr 국토교통부 http://www.molit.go.kr/happyhouse,국토교통부 1599-0001,국토교통부,공공주택총괄과,2020,2020-04-17
324,희귀질환자 의료비지원사업,http://www.bokjiro.go.kr/welInfo/retrieveGvmtWelInfo.do?welInfSno=324,희귀질환자 중 저소득층 건강보험가입자에게 의료비를 지원하여 경제적 부담을 낮춰드립니다.,희귀질환헬프라인 https://helpline.kdca.go.kr,"질병관리청 희귀질환관리과 043-719-8777, 8778",질병관리청,희귀질환관리과,2021,2021-05-14
12398,희망복지지원단 통합사례관리사업,http://www.bokjiro.go.kr/welInfo/retrieveGvmtWelInfo.do?welInfSno=12398,자활하고자 하는 가구에게 맞춤형 서비스를 제공하여 안정적인 삶을 지원·지지하고 빈곤을 예방합니다.,복지로 http://www.bokjiro.go.kr 보건복지부 콜센터 http://www.129.go.kr,보건복지상담센터 129,보건복지부,지역복지과,2021,2021-04-08
